Date,company name,open,high,low,closing,avg_price_1,ROC_7,std_price_8,avg_volume_16,gold,"Financial updates: Company-specific quarterly, annual, or monthly financial performance reports or statements","Financial: Capital raising activities such as public offerings, loan or lease arrangements, and private placements",Financial:Dividend Declared,Financial: Annual and quater meetings,Technical: Discovery of gold,Operational: Expansion of mining operations (including M & A),Operational: Opening or clouser of mining,Operational updates: Changes in production output or efficiency,Operational: changes in key management positions,"Regulatory:  updates on lawsuits or penalties, Comply with regulatory standards sustainablity and corporate governance",Regulatory: Approval or rejection of mining permits & licenses,Geopolitical events: Political instability or conflicts
1/1/2023,Newmont Corporation,47.59,47.6,46.65,47.2,0,0,0,0,1819.7,0,0,0,0,0,0,0,0,0,0,0,0
1/1/2023,Agnico Eagle Mine,52.17,52.405,51.55,51.99,0,0,0,0,1819.7,0,0,0,0,0,0,0,0,0,0,0,0
1/1/2023,Barrick Gold Cor,17.31,17.335,17.04,17.18,0,0,0,0,1819.7,0,0,0,0,0,0,0,0,0,0,0,0
1/1/2023,Wheaton Precious Metals Corp.,39.75,39.81,38.81,39.08,0,0,0,0,1819.7,0,0,0,0,0,0,0,0,0,0,0,0
1/1/2023,Franco-Nevada Corporation,137.43,137.43,135.19,136.48,0,0,0,0,1819.7,0,0,0,0,0,0,0,0,0,0,0,0
1/1/2023,Gold Fields Limited,10.49,10.53,10.24,10.35,0,0,0,0,1819.7,0,0,0,0,0,0,0,0,0,0,0,0
1/1/2023,AngloGold Ashant,19.39,19.5189,19.15,19.42,0,0,0,0,1819.7,0,0,0,0,0,0,0,0,0,0,0,0
1/1/2023,Kinross Gold Corporation,4.13,4.135,4.04,4.09,0,0,0,0,1819.7,0,0,0,0,0,0,0,0,0,0,0,0
1/1/2023,Alamos Gold Inc.,10.11,10.165,10.01,10.11,0,0,0,0,1819.7,0,0,0,0,0,0,0,0,0,0,0,0
1/1/2023,Harmony Gold Mining Company Limited,3.43,3.455,3.32,3.4,0,0,0,0,1819.7,0,0,0,0,0,0,0,0,0,0,0,0
1/1/2023,Pan American Silver Corp.,16.7,16.775,16.195,16.34,0,0,0,0,1819.7,0,0,0,0,0,0,0,0,0,0,0,0
1/1/2023,Endeavour Mining plc,3.3,3.31,3.21,3.24,0,0,0,0,1819.7,0,0,0,0,0,0,0,0,0,0,0,0
1/1/2023,Osisko Gold Royalties Ltd,12.04,12.11,11.96,12.07,0,0,0,0,1819.7,0,0,0,0,0,0,0,0,0,0,0,0
1/1/2023,Eldorado Gold Corporation,8.32,8.39,8.26,8.36,0,0,0,0,1819.7,0,0,0,0,0,0,0,0,0,0,0,0
1/1/2023,IAMGOLD Corporation,2.57,2.61,2.525,2.58,0,0,0,0,1819.7,0,0,0,0,0,0,0,0,0,0,0,0
1/1/2023,"Coeur Mining, Inc.",3.48,3.525,3.32,3.36,0,0,0,0,1819.7,0,0,0,0,0,0,0,0,0,0,0,0
1/1/2023,Equinox Gold Corp.,3.3,3.3,3.21,3.28,0,0,0,0,1819.7,0,0,0,0,0,0,0,0,0,0,0,0
1/1/2023,Orla Mining Ltd.,4.11,4.13,4.01,4.04,0,0,0,0,1819.7,0,0,0,0,0,0,0,0,0,0,0,0
1/1/2023,Sandstorm Gold Ltd.,5.24,5.27,5.17,5.26,0,0,0,0,1819.7,0,0,0,0,0,0,0,0,0,0,0,0
1/1/2023,Centerra Gold Inc.,5.24,5.24,5.07,5.18,0,0,0,0,1819.7,0,0,0,0,0,0,0,0,0,0,0,0
1/1/2023,Seabridge Gold Inc.,12.31,12.6,12.17,12.58,0,0,0,0,1819.7,0,0,0,0,0,0,0,0,0,0,0,0
1/1/2023,DRDGOLD Limited,7.26,7.47,7.2,7.4,0,0,0,0,1819.7,0,0,0,0,0,0,0,0,0,0,0,0
1/1/2023,Caledonia Mining Corporation Plc,12.84,12.84,12.15,12.4,0,0,0,0,1819.7,0,0,0,0,0,0,0,0,0,0,0,0
1/1/2023,"Idaho Strategic Resources, Inc.",5.93,5.93,5.7,5.7,0,0,0,0,1819.7,0,0,0,0,0,0,0,0,0,0,0,0
1/1/2023,"Contango Ore, Inc.",22.92,22.92,22.92,22.92,0,0,0,0,1819.7,0,0,0,0,0,0,0,0,0,0,0,0
1/2/2023,Newmont Corporation,47.59,47.6,46.65,47.2,47.2,0,0,0,1819.7,0,0,0,0,0,0,0,0,0,0,0,0
1/2/2023,Agnico Eagle Mine,52.17,52.405,51.55,51.99,51.99,0,0,0,1819.7,0,0,0,0,0,0,0,0,0,0,0,0
1/2/2023,Barrick Gold Cor,17.31,17.335,17.04,17.18,17.18,0,0,0,1819.7,0,0,0,0,0,0,0,0,0,0,0,0
1/2/2023,Wheaton Precious Metals Corp.,39.75,39.81,38.81,39.08,39.08,0,0,0,1819.7,0,0,0,0,0,0,0,0,0,0,0,0
1/2/2023,Franco-Nevada Corporation,137.43,137.43,135.19,136.48,136.48,0,0,0,1819.7,0,0,0,0,0,0,0,0,0,0,0,0
1/2/2023,Gold Fields Limited,10.49,10.53,10.24,10.35,10.35,0,0,0,1819.7,0,0,0,0,0,0,0,0,0,0,0,0
1/2/2023,AngloGold Ashant,19.39,19.5189,19.15,19.42,19.42,0,0,0,1819.7,0,0,0,0,0,0,0,0,0,0,0,0
1/2/2023,Kinross Gold Corporation,4.13,4.135,4.04,4.09,4.09,0,0,0,1819.7,0,0,0,0,0,0,0,0,0,0,0,0
1/2/2023,Alamos Gold Inc.,10.11,10.165,10.01,10.11,10.11,0,0,0,1819.7,0,0,0,0,0,0,0,0,0,0,0,0
1/2/2023,Harmony Gold Mining Company Limited,3.43,3.455,3.32,3.4,3.4,0,0,0,1819.7,0,0,0,0,0,0,0,0,0,0,0,0
1/2/2023,Pan American Silver Corp.,16.7,16.775,16.195,16.34,16.34,0,0,0,1819.7,0,0,0,0,0,0,0,0,0,0,0,0
1/2/2023,Endeavour Mining plc,3.3,3.31,3.21,3.24,3.24,0,0,0,1819.7,0,0,0,0,0,0,0,0,0,0,0,0
1/2/2023,Osisko Gold Royalties Ltd,12.04,12.11,11.96,12.07,12.07,0,0,0,1819.7,0,0,0,0,0,0,0,0,0,0,0,0
1/2/2023,Eldorado Gold Corporation,8.32,8.39,8.26,8.36,8.36,0,0,0,1819.7,0,0,0,0,0,0,0,0,0,0,0,0
1/2/2023,IAMGOLD Corporation,2.57,2.61,2.525,2.58,2.58,0,0,0,1819.7,0,0,0,0,0,0,0,0,0,0,0,0
1/2/2023,"Coeur Mining, Inc.",3.48,3.525,3.32,3.36,3.36,0,0,0,1819.7,0,0,0,0,0,0,0,0,0,0,0,0
1/2/2023,Equinox Gold Corp.,3.3,3.3,3.21,3.28,3.28,0,0,0,1819.7,0,0,0,0,0,0,0,0,0,0,0,0
1/2/2023,Orla Mining Ltd.,4.11,4.13,4.01,4.04,4.04,0,0,0,1819.7,0,0,0,0,0,0,0,0,0,0,0,0
1/2/2023,Sandstorm Gold Ltd.,5.24,5.27,5.17,5.26,5.26,0,0,0,1819.7,0,0,0,0,0,0,0,0,0,0,0,0
1/2/2023,Centerra Gold Inc.,5.24,5.24,5.07,5.18,5.18,0,0,0,1819.7,0,0,0,0,0,0,0,0,0,0,0,0
1/2/2023,Seabridge Gold Inc.,12.31,12.6,12.17,12.58,12.58,0,0,0,1819.7,0,0,0,0,0,0,0,0,0,0,0,0
1/2/2023,DRDGOLD Limited,7.26,7.47,7.2,7.4,7.4,0,0,0,1819.7,0,0,0,0,0,0,0,0,0,0,0,0
1/2/2023,Caledonia Mining Corporation Plc,12.84,12.84,12.15,12.4,12.4,0,0,0,1819.7,0,0,0,0,0,0,0,0,0,0,0,0
1/2/2023,"Idaho Strategic Resources, Inc.",5.93,5.93,5.7,5.7,5.7,0,0,0,1819.7,0,0,0,0,0,0,0,0,0,0,0,0
1/2/2023,"Contango Ore, Inc.",22.92,22.92,22.92,22.92,22.92,0,0,0,1819.7,0,0,0,0,0,0,0,0,0,0,0,0
1/3/2023,Newmont Corporation,48.27,49.73,48.11,49.58,47.2,0,0,0,1839.7,0,0,0,0,0,0,0,0,0,0,0,0
1/3/2023,Agnico Eagle Mine,52.82,54.14,52.77,53.56,51.99,0,0,0,1839.7,0,0,0,0,0,0,0,0,0,0,0,0
1/3/2023,Barrick Gold Cor,17.54,17.95,17.45,17.83,17.18,0,0,0,1839.7,0,0,0,0,0,0,0,0,0,0,0,0
1/3/2023,Wheaton Precious Metals Corp.,39.9,40.78,39.63,40.57,39.08,0,0,0,1839.7,0,0,0,0,0,0,0,0,0,0,0,0
1/3/2023,Franco-Nevada Corporation,137.54,140.89,137.49,138.15,136.48,0,0,0,1839.7,0,0,0,0,0,0,0,0,0,0,0,0
1/3/2023,Gold Fields Limited,10.54,10.965,10.52,10.82,10.35,0,0,0,1839.7,0,0,0,0,0,0,0,0,0,0,0,0
1/3/2023,AngloGold Ashant,19.93,20.46,19.93,20.16,19.42,0,0,0,1839.7,0,0,0,0,0,0,0,0,0,0,0,0
1/3/2023,Kinross Gold Corporation,4.15,4.37,4.15,4.27,4.09,0,0,0,1839.7,0,0,0,0,0,0,0,0,0,0,0,0
1/3/2023,Alamos Gold Inc.,143.05,143.05,139.5,10.36,10.11,0,0,0,1839.7,0,0,0,0,0,0,0,0,0,0,0,0
1/3/2023,Harmony Gold Mining Company Limited,3.47,3.62,3.47,3.52,3.4,0,0,0,1839.7,0,0,0,0,0,0,0,0,0,0,0,0
1/3/2023,Pan American Silver Corp.,16.8,16.8,17.44,17.17,16.34,0,0,0,1839.7,0,0,0,0,0,0,0,0,0,0,0,0
1/3/2023,Endeavour Mining plc,3.32,3.32,3.47,3.28,3.24,0,0,0,1839.7,0,0,0,0,0,0,0,0,0,0,0,0
1/3/2023,Osisko Gold Royalties Ltd,12.25,12.53,12.18,12.25,12.07,0,0,0,1839.7,0,0,0,0,0,0,0,0,0,0,0,0
1/3/2023,Eldorado Gold Corporation,8.51,8.8954,8.41,8.49,8.36,0,0,0,1839.7,0,0,0,0,0,0,0,0,0,0,0,0
1/3/2023,IAMGOLD Corporation,2.57,2.715,2.52,2.52,2.58,0,0,0,1839.7,0,0,0,0,0,0,0,0,0,0,0,0
1/3/2023,"Coeur Mining, Inc.",3.46,3.61,3.37,3.4,3.36,0,0,0,1839.7,0,0,0,0,0,0,0,0,0,0,0,0
1/3/2023,Equinox Gold Corp.,3.35,3.67,3.32,3.58,3.28,0,0,0,1839.7,0,0,0,0,0,0,0,0,0,0,0,0
1/3/2023,Orla Mining Ltd.,4.17,4.17,4.08,4.14,4.04,0,0,0,1839.7,0,0,0,0,0,0,0,0,0,0,0,0
1/3/2023,Sandstorm Gold Ltd.,5.35,5.535,5.34,5.43,5.26,0,0,0,1839.7,0,0,0,0,0,0,0,0,0,0,0,0
1/3/2023,Centerra Gold Inc.,5.34,5.43,5.2581,5.36,5.18,0,0,0,1839.7,0,0,0,0,0,0,0,0,0,0,0,0
1/3/2023,Seabridge Gold Inc.,12.75,13.14,12.58,12.73,12.58,0,0,0,1839.7,0,0,0,0,0,0,0,0,0,0,0,0
1/3/2023,DRDGOLD Limited,7.54,7.85,7.53,7.73,7.4,0,0,0,1839.7,0,0,0,0,0,0,0,0,0,0,0,0
1/3/2023,Caledonia Mining Corporation Plc,12.75,12.94,12.61,12.75,12.4,0,0,0,1839.7,0,0,0,0,0,0,0,0,0,0,0,0
1/3/2023,"Idaho Strategic Resources, Inc.",6.07,6.07,5.7,5.73,5.7,0,0,0,1839.7,1,0,0,0,0,0,0,0,0,0,0,0
1/3/2023,"Contango Ore, Inc.",22.91,22.91,22.6,22.6,22.92,0,0,0,1839.7,0,0,0,0,0,0,0,0,0,0,0,0
1/4/2023,Newmont Corporation,50.6,51.855,50.32,51.51,49.58,0,0,0,1852.8,0,0,0,0,0,0,0,0,0,0,0,0
1/4/2023,Agnico Eagle Mine,54.56,55.7653,54.4,55.48,53.56,0,0,0,1852.8,0,0,0,0,0,0,0,0,0,0,0,0
1/4/2023,Barrick Gold Cor,18.15,19.06,18.11,18.88,17.83,0,0,0,1852.8,0,0,0,0,0,0,0,0,0,0,0,0
1/4/2023,Wheaton Precious Metals Corp.,41.3,42.435,41.25,41.95,40.57,0,0,0,1852.8,0,0,0,0,0,0,0,0,0,0,0,0
1/4/2023,Franco-Nevada Corporation,141.61,142.14,139.21,141.97,138.15,0,0,0,1852.8,0,0,0,0,0,0,0,0,0,0,0,0
1/4/2023,Gold Fields Limited,11.15,11.57,11.15,11.57,10.82,0,0,0,1852.8,0,0,0,0,0,0,0,0,0,0,0,0
1/4/2023,AngloGold Ashant,20.86,21.42,20.725,21.37,20.16,0,0,0,1852.8,0,0,0,0,0,0,0,0,0,0,0,0
1/4/2023,Kinross Gold Corporation,4.36,4.56,4.34,4.53,4.27,0,0,0,1852.8,0,0,0,0,0,0,0,0,0,0,0,0
1/4/2023,Alamos Gold Inc.,141.59,143.16,140,10.85,10.36,0,0,0,1852.8,0,0,0,0,0,0,0,0,0,0,0,0
1/4/2023,Harmony Gold Mining Company Limited,3.69,3.79,3.635,3.78,3.52,0,0,0,1852.8,0,0,0,0,0,0,0,0,0,0,0,0
1/4/2023,Pan American Silver Corp.,17.53,17.53,18,17.89,17.17,0,0,0,1852.8,0,0,0,0,0,0,0,0,0,0,0,0
1/4/2023,Endeavour Mining plc,3.37,3.37,3.48,3.48,3.28,0,0,0,1852.8,0,0,0,0,0,0,0,0,0,0,0,0
1/4/2023,Osisko Gold Royalties Ltd,12.42,12.61,12.28,12.6,12.25,0,0,0,1852.8,0,0,0,0,0,0,0,0,0,0,0,0
1/4/2023,Eldorado Gold Corporation,8.7,8.87,8.6401,8.86,8.49,0,0,0,1852.8,0,0,0,0,0,0,0,0,0,0,0,0
1/4/2023,IAMGOLD Corporation,2.56,2.69,2.55,2.69,2.52,0,0,0,1852.8,0,0,0,0,0,0,0,0,0,0,0,0
1/4/2023,"Coeur Mining, Inc.",3.52,3.61,3.46,3.56,3.4,0,0,0,1852.8,0,0,0,0,0,0,0,0,0,0,0,0
1/4/2023,Equinox Gold Corp.,3.75,4.02,3.69,4,3.58,0,0,0,1852.8,0,0,0,0,0,0,0,0,0,0,0,0
1/4/2023,Orla Mining Ltd.,4.24,4.28,4.04,4.05,4.14,0,0,0,1852.8,0,0,0,0,0,0,0,0,0,0,0,0
1/4/2023,Sandstorm Gold Ltd.,5.54,5.68,5.46,5.63,5.43,0,0,0,1852.8,0,0,0,0,0,0,0,0,0,0,0,0
1/4/2023,Centerra Gold Inc.,5.48,5.58,5.4,5.57,5.36,0,0,0,1852.8,0,0,0,0,0,0,0,0,0,0,0,0
1/4/2023,Seabridge Gold Inc.,13.01,13.845,12.98,13.84,12.73,0,0,0,1852.8,0,0,0,0,0,0,0,0,0,0,0,0
1/4/2023,DRDGOLD Limited,7.96,8.16,7.76,8.13,7.73,0,0,0,1852.8,0,0,0,0,0,0,0,0,0,0,0,0
1/4/2023,Caledonia Mining Corporation Plc,12.94,13.12,12.93,12.95,12.75,0,0,0,1852.8,0,0,0,0,0,0,0,0,0,0,0,0
1/4/2023,"Idaho Strategic Resources, Inc.",5.73,5.92,5.7,5.76,5.73,0,0,0,1852.8,0,0,0,0,0,0,0,0,0,0,0,0
1/4/2023,"Contango Ore, Inc.",22.6,22.6,22.6,22.6,22.6,0,0,0,1852.8,0,0,0,0,0,0,0,0,0,0,0,0
1/5/2023,Newmont Corporation,50.55,51.26,50.02,51.21,51.51,0,0,0,1834.8,0,0,0,0,0,0,0,0,0,0,0,0
1/5/2023,Agnico Eagle Mine,54.66,54.8,53.74,54.53,55.48,0,0,0,1834.8,0,0,0,0,0,0,0,0,0,0,0,0
1/5/2023,Barrick Gold Cor,18.64,18.83,18.34,18.78,18.88,0,0,0,1834.8,0,0,0,0,0,0,0,0,0,0,0,0
1/5/2023,Wheaton Precious Metals Corp.,41.17,42.01,40.98,41.97,41.95,0,0,0,1834.8,0,0,0,0,0,0,0,0,0,0,0,0
1/5/2023,Franco-Nevada Corporation,140,140.2,138.055,139.85,141.97,0,0,0,1834.8,0,0,0,0,0,0,0,0,0,0,0,0
1/5/2023,Gold Fields Limited,11.19,11.52,11.12,11.5,11.57,0,0,0,1834.8,0,0,0,0,0,0,0,0,0,0,0,0
1/5/2023,AngloGold Ashant,20.61,21.12,20.54,21.12,21.37,0,0,0,1834.8,0,0,0,0,0,0,0,0,0,0,0,0
1/5/2023,Kinross Gold Corporation,4.44,4.455,4.365,4.44,4.53,0,0,0,1834.8,0,0,0,0,0,0,0,0,0,0,0,0
1/5/2023,Alamos Gold Inc.,142.99,142.99,139.44,10.78,10.85,0,0,0,1834.8,0,0,0,0,0,0,0,0,0,0,0,0
1/5/2023,Harmony Gold Mining Company Limited,3.72,3.76,3.63,3.76,3.78,0,0,0,1834.8,0,0,0,0,0,0,0,0,0,0,0,0
1/5/2023,Pan American Silver Corp.,17.39,17.39,17.465,17.41,17.89,0,0,0,1834.8,0,0,0,0,0,0,0,0,0,0,0,0
1/5/2023,Endeavour Mining plc,3.38,3.38,3.39,3.37,3.48,0,0,0,1834.8,0,0,0,0,0,0,0,0,0,0,0,0
1/5/2023,Osisko Gold Royalties Ltd,12.36,12.64,12.36,12.62,12.6,0,0,0,1834.8,0,0,0,0,0,0,0,0,0,0,0,0
1/5/2023,Eldorado Gold Corporation,8.64,8.7,8.51,8.69,8.86,0,0,0,1834.8,0,0,0,0,0,0,0,0,0,0,0,0
1/5/2023,IAMGOLD Corporation,2.62,2.72,2.57,2.71,2.69,0,0,0,1834.8,0,0,0,0,0,0,0,0,0,0,0,0
1/5/2023,"Coeur Mining, Inc.",3.47,3.53,3.4,3.53,3.56,0,0,0,1834.8,0,0,0,0,0,0,0,0,0,0,0,0
1/5/2023,Equinox Gold Corp.,3.88,3.96,3.78,3.93,4,0,0,0,1834.8,0,0,0,0,0,0,0,0,0,0,0,0
1/5/2023,Orla Mining Ltd.,3.91,4.11,3.87,4.09,4.05,0,0,0,1834.8,0,0,0,0,0,0,0,0,0,0,0,0
1/5/2023,Sandstorm Gold Ltd.,5.58,5.71,5.5,5.7,5.63,0,0,0,1834.8,0,0,0,0,0,0,0,0,0,0,0,0
1/5/2023,Centerra Gold Inc.,5.52,5.66,5.44,5.65,5.57,0,0,0,1834.8,0,0,0,0,0,0,0,0,0,0,0,0
1/5/2023,Seabridge Gold Inc.,13.7,13.7,13.32,13.63,13.84,0,0,0,1834.8,0,0,0,0,0,0,0,0,0,0,0,0
1/5/2023,DRDGOLD Limited,7.97,8.3925,7.84,8.28,8.13,0,0,0,1834.8,0,0,0,0,0,0,0,0,0,0,0,0
1/5/2023,Caledonia Mining Corporation Plc,12.95,13.13,12.49,12.82,12.95,0,0,0,1834.8,0,0,0,0,0,0,0,0,0,0,0,0
1/5/2023,"Idaho Strategic Resources, Inc.",5.79,5.87,5.7,5.87,5.76,0,0,0,1834.8,0,0,0,0,0,0,0,0,0,0,0,0
1/5/2023,"Contango Ore, Inc.",22.57,23,21.76,21.76,22.6,0,0,0,1834.8,0,0,0,0,0,0,0,0,0,0,0,0
1/6/2023,Newmont Corporation,52.31,53.29,51.42,52.69,51.21,0,0,0,1864.2,0,0,0,0,0,0,0,0,0,0,0,0
1/6/2023,Agnico Eagle Mine,55.15,55.84,54.53,55.28,54.53,0,0,0,1864.2,0,0,0,0,0,0,0,0,0,0,0,0
1/6/2023,Barrick Gold Cor,19.1,19.17,18.525,19.04,18.78,0,0,0,1864.2,0,0,0,0,0,0,0,0,0,0,0,0
1/6/2023,Wheaton Precious Metals Corp.,42.62,43.53,42.11,43.3,41.97,0,0,0,1864.2,0,0,0,0,0,0,0,0,0,0,0,0
1/6/2023,Franco-Nevada Corporation,142.19,142.95,139.4,139.8,139.85,0,0,0,1864.2,0,0,0,0,0,0,0,0,0,0,0,0
1/6/2023,Gold Fields Limited,11.83,12.07,11.68,11.95,11.5,0,0,0,1864.2,0,0,0,0,0,0,0,0,0,0,0,0
1/6/2023,AngloGold Ashant,21.46,21.5884,21.18,21.47,21.12,0,0,0,1864.2,0,0,0,0,0,0,0,0,0,0,0,0
1/6/2023,Kinross Gold Corporation,4.475,4.59,4.4,4.57,4.44,0,0,0,1864.2,0,0,0,0,0,0,0,0,0,0,0,0
1/6/2023,Alamos Gold Inc.,142.64,148.78,140.87,10.86,10.78,0,0,0,1864.2,0,0,0,0,0,0,0,0,0,0,0,0
1/6/2023,Harmony Gold Mining Company Limited,3.84,3.87,3.7701,3.83,3.76,0,0,0,1864.2,0,0,0,0,0,0,0,0,0,0,0,0
1/6/2023,Pan American Silver Corp.,17.8,17.8,17.99,17.74,17.41,0,0,0,1864.2,0,0,0,0,0,0,0,0,0,0,0,0
1/6/2023,Endeavour Mining plc,3.42,3.42,3.505,3.47,3.37,0,0,0,1864.2,0,0,0,0,0,0,0,0,0,0,0,0
1/6/2023,Osisko Gold Royalties Ltd,12.7,12.79,12.51,12.72,12.62,0,0,0,1864.2,0,0,0,0,0,0,0,0,0,0,0,0
1/6/2023,Eldorado Gold Corporation,8.88,9.04,8.66,8.9,8.69,0,0,0,1864.2,0,0,0,0,0,0,0,0,0,0,0,0
1/6/2023,IAMGOLD Corporation,2.73,2.815,2.64,2.65,2.71,0,0,0,1864.2,0,0,0,0,0,0,0,0,0,0,0,0
1/6/2023,"Coeur Mining, Inc.",3.6,3.75,3.5289,3.68,3.53,0,0,0,1864.2,0,0,0,0,0,0,0,0,0,0,0,0
1/6/2023,Equinox Gold Corp.,4.03,4.05,3.89,4,3.93,0,0,0,1864.2,0,0,0,0,0,0,0,0,0,0,0,0
1/6/2023,Orla Mining Ltd.,4.15,4.26,4.07,4.25,4.09,0,0,0,1864.2,0,0,0,0,0,0,0,0,0,0,0,0
1/6/2023,Sandstorm Gold Ltd.,5.79,5.8399,5.7,5.78,5.7,0,0,0,1864.2,0,0,0,0,0,0,0,0,0,0,0,0
1/6/2023,Centerra Gold Inc.,5.72,5.86,5.6,5.78,5.65,0,0,0,1864.2,0,0,0,0,0,0,0,0,0,0,0,0
1/6/2023,Seabridge Gold Inc.,13.87,14.0408,13.56,13.88,13.63,0,0,0,1864.2,0,1,0,0,0,1,0,0,0,0,0,0
1/6/2023,DRDGOLD Limited,8.31,8.65,8.13,8.55,8.28,0,0,0,1864.2,0,0,0,0,0,0,0,0,0,0,0,0
1/6/2023,Caledonia Mining Corporation Plc,13.07,13.62,12.97,13.56,12.82,0,0,0,1864.2,0,0,0,0,0,0,0,0,0,0,0,0
1/6/2023,"Idaho Strategic Resources, Inc.",5.92,5.92,5.7,5.77,5.87,0,0,0,1864.2,0,0,0,0,0,0,0,0,0,0,0,0
1/6/2023,"Contango Ore, Inc.",22.47,22.51,22,22.03,21.76,0,0,0,1864.2,0,0,0,0,0,0,0,0,0,0,0,0
1/7/2023,Newmont Corporation,52.31,53.29,51.42,52.69,52.69,0,0,0,1864.2,0,0,0,0,0,0,0,0,0,0,0,0
1/7/2023,Agnico Eagle Mine,55.15,55.84,54.53,55.28,55.28,0,0,0,1864.2,0,0,0,0,0,0,0,0,0,0,0,0
1/7/2023,Barrick Gold Cor,19.1,19.17,18.525,19.04,19.04,0,0,0,1864.2,0,0,0,0,0,0,0,0,0,0,0,0
1/7/2023,Wheaton Precious Metals Corp.,42.62,43.53,42.11,43.3,43.3,0,0,0,1864.2,0,0,0,0,0,0,0,0,0,0,0,0
1/7/2023,Franco-Nevada Corporation,142.19,142.95,139.4,139.8,139.8,0,0,0,1864.2,0,0,0,0,0,0,0,0,0,0,0,0
1/7/2023,Gold Fields Limited,11.83,12.07,11.68,11.95,11.95,0,0,0,1864.2,0,0,0,0,0,0,0,0,0,0,0,0
1/7/2023,AngloGold Ashant,21.46,21.5884,21.18,21.47,21.47,0,0,0,1864.2,0,0,0,0,0,0,0,0,0,0,0,0
1/7/2023,Kinross Gold Corporation,4.475,4.59,4.4,4.57,4.57,0,0,0,1864.2,0,0,0,0,0,0,0,0,0,0,0,0
1/7/2023,Alamos Gold Inc.,142.64,148.78,140.87,10.86,10.86,0,0,0,1864.2,0,0,0,0,0,0,0,0,0,0,0,0
1/7/2023,Harmony Gold Mining Company Limited,3.84,3.87,3.7701,3.83,3.83,0,0,0,1864.2,0,0,0,0,0,0,0,0,0,0,0,0
1/7/2023,Pan American Silver Corp.,17.8,17.8,17.99,17.74,17.74,0,0,0,1864.2,0,0,0,0,0,0,0,0,0,0,0,0
1/7/2023,Endeavour Mining plc,3.42,3.42,3.505,3.47,3.47,0,0,0,1864.2,0,0,0,0,0,0,0,0,0,0,0,0
1/7/2023,Osisko Gold Royalties Ltd,12.7,12.79,12.51,12.72,12.72,0,0,0,1864.2,0,0,0,0,0,0,0,0,0,0,0,0
1/7/2023,Eldorado Gold Corporation,8.88,9.04,8.66,8.9,8.9,0,0,0,1864.2,0,0,0,0,0,0,0,0,0,0,0,0
1/7/2023,IAMGOLD Corporation,2.73,2.815,2.64,2.65,2.65,0,0,0,1864.2,0,0,0,0,0,0,0,0,0,0,0,0
1/7/2023,"Coeur Mining, Inc.",3.6,3.75,3.5289,3.68,3.68,0,0,0,1864.2,0,0,0,0,0,0,0,0,0,0,0,0
1/7/2023,Equinox Gold Corp.,4.03,4.05,3.89,4,4,0,0,0,1864.2,0,0,0,0,0,0,0,0,0,0,0,0
1/7/2023,Orla Mining Ltd.,4.15,4.26,4.07,4.25,4.25,0,0,0,1864.2,0,0,0,0,0,0,0,0,0,0,0,0
1/7/2023,Sandstorm Gold Ltd.,5.79,5.8399,5.7,5.78,5.78,0,0,0,1864.2,0,0,0,0,0,0,0,0,0,0,0,0
1/7/2023,Centerra Gold Inc.,5.72,5.86,5.6,5.78,5.78,0,0,0,1864.2,0,0,0,0,0,0,0,0,0,0,0,0
1/7/2023,Seabridge Gold Inc.,13.87,14.0408,13.56,13.88,13.88,0,0,0,1864.2,0,0,0,0,0,0,0,0,0,0,0,0
1/7/2023,DRDGOLD Limited,8.31,8.65,8.13,8.55,8.55,0,0,0,1864.2,0,0,0,0,0,0,0,0,0,0,0,0
1/7/2023,Caledonia Mining Corporation Plc,13.07,13.62,12.97,13.56,13.56,0,0,0,1864.2,0,0,0,0,0,0,0,0,0,0,0,0
1/7/2023,"Idaho Strategic Resources, Inc.",5.92,5.92,5.7,5.77,5.77,0,0,0,1864.2,0,0,0,0,0,0,0,0,0,0,0,0
1/7/2023,"Contango Ore, Inc.",22.47,22.51,22,22.03,22.03,0,0,0,1864.2,0,0,0,0,0,0,0,0,0,0,0,0
1/8/2023,Newmont Corporation,52.31,53.29,51.42,52.69,52.69,11.631355932203379,0,0,1864.2,0,0,0,0,0,0,0,0,0,0,0,0
1/8/2023,Agnico Eagle Mine,55.15,55.84,54.53,55.28,55.28,6.328140026928255,0,0,1864.2,0,0,0,0,0,0,0,0,0,0,0,0
1/8/2023,Barrick Gold Cor,19.1,19.17,18.525,19.04,19.04,10.826542491268915,0,0,1864.2,0,0,0,0,0,0,0,0,0,0,0,0
1/8/2023,Wheaton Precious Metals Corp.,42.62,43.53,42.11,43.3,43.3,10.798362333674511,0,0,1864.2,0,0,0,0,0,0,0,0,0,0,0,0
1/8/2023,Franco-Nevada Corporation,142.19,142.95,139.4,139.8,139.8,2.432590855803064,0,0,1864.2,0,0,0,0,0,0,0,0,0,0,0,0
1/8/2023,Gold Fields Limited,11.83,12.07,11.68,11.95,11.95,15.458937198067629,0,0,1864.2,0,0,0,0,0,0,0,0,0,0,0,0
1/8/2023,AngloGold Ashant,21.46,21.5884,21.18,21.47,21.47,10.556127703398541,0,0,1864.2,0,0,0,0,0,0,0,0,0,0,0,0
1/8/2023,Kinross Gold Corporation,4.475,4.59,4.4,4.57,4.57,11.73594132029341,0,0,1864.2,0,0,0,0,0,0,0,0,0,0,0,0
1/8/2023,Alamos Gold Inc.,142.64,148.78,140.87,10.86,10.86,7.418397626,0,0,1864.2,0,0,0,0,0,0,0,0,0,0,0,0
1/8/2023,Harmony Gold Mining Company Limited,3.84,3.87,3.7701,3.83,3.83,12.647058823529417,0,0,1864.2,0,0,0,0,0,0,0,0,0,0,0,0
1/8/2023,Pan American Silver Corp.,17.8,17.8,17.99,17.74,17.74,8.567931456548338,0,0,1864.2,0,0,0,0,0,0,0,0,0,0,0,0
1/8/2023,Endeavour Mining plc,3.42,3.42,3.505,3.47,3.47,7.098765432098765,0,0,1864.2,0,0,0,0,0,0,0,0,0,0,0,0
1/8/2023,Osisko Gold Royalties Ltd,12.7,12.79,12.51,12.72,12.72,5.3852526926263495,0,0,1864.2,0,0,0,0,0,0,0,0,0,0,0,0
1/8/2023,Eldorado Gold Corporation,8.88,9.04,8.66,8.9,8.9,6.459330143540681,0,0,1864.2,0,0,0,0,0,0,0,0,0,0,0,0
1/8/2023,IAMGOLD Corporation,2.73,2.815,2.64,2.65,2.65,2.713178294573637,0,0,1864.2,0,0,0,0,0,0,0,0,0,0,0,0
1/8/2023,"Coeur Mining, Inc.",3.6,3.75,3.5289,3.68,3.68,9.523809523809533,0,0,1864.2,0,0,0,0,0,0,0,0,0,0,0,0
1/8/2023,Equinox Gold Corp.,4.03,4.05,3.89,4,4,21.95121951219513,0,0,1864.2,0,0,0,0,0,0,0,0,0,0,0,0
1/8/2023,Orla Mining Ltd.,4.15,4.26,4.07,4.25,4.25,5.198019801980197,0,0,1864.2,0,0,0,0,0,0,0,0,0,0,0,0
1/8/2023,Sandstorm Gold Ltd.,5.79,5.8399,5.7,5.78,5.78,9.885931559,0,0,1864.2,0,0,0,0,0,0,0,0,0,0,0,0
1/8/2023,Centerra Gold Inc.,5.72,5.86,5.6,5.78,5.78,11.583011583011595,0,0,1864.2,0,0,0,0,0,0,0,0,0,0,0,0
1/8/2023,Seabridge Gold Inc.,13.87,14.0408,13.56,13.88,13.88,10.33386327503975,0,0,1864.2,0,0,0,0,0,0,0,0,0,0,0,0
1/8/2023,DRDGOLD Limited,8.31,8.65,8.13,8.55,8.55,15.540540540540546,0,0,1864.2,0,0,0,0,0,0,0,0,0,0,0,0
1/8/2023,Caledonia Mining Corporation Plc,13.07,13.62,12.97,13.56,13.56,9.35483871,0,0,1864.2,0,0,0,0,0,0,0,0,0,0,0,0
1/8/2023,"Idaho Strategic Resources, Inc.",5.92,5.92,5.7,5.77,5.77,1.2280701754385859,0,0,1864.2,0,0,0,0,0,0,0,0,0,0,0,0
1/8/2023,"Contango Ore, Inc.",22.47,22.51,22,22.03,22.03,-3.883071553,0,0,1864.2,0,0,0,0,0,0,0,0,0,0,0,0
1/9/2023,Newmont Corporation,52.79,53.09,52.036,52.22,52.69,10.635593220338974,2.3441351588287587,0,1872.7,0,0,0,0,0,0,0,0,0,0,0,1
1/9/2023,Agnico Eagle Mine,55.6,56.11,54.59,54.71,55.28,5.231775341411807,1.4841441737821224,0,1872.7,0,0,0,0,0,0,0,0,0,0,0,1
1/9/2023,Barrick Gold Cor,19.22,19.37,18.96,18.97,19.04,10.419091967403954,0.8365479663474176,0,1872.7,0,0,0,0,0,0,0,0,0,0,0,1
1/9/2023,Wheaton Precious Metals Corp.,43.59,43.7504,42.88,42.88,43.3,9.723643807574218,1.800130451622087,0,1872.7,0,0,0,0,0,0,0,0,0,0,0,1
1/9/2023,Franco-Nevada Corporation,141.3,142.23,140.21,142.1,139.8,4.117819461,1.8850194201349106,0,1872.7,0,0,0,0,0,0,0,0,0,0,0,1
1/9/2023,Gold Fields Limited,12.19,12.2499,11.85,11.87,11.95,14.685990338164249,0.6985290667845235,0,1872.7,0,0,0,0,0,0,0,0,0,0,0,1
1/9/2023,AngloGold Ashant,22.17,22.22,21.31,21.32,21.47,9.783728115344998,0.9228178894792052,0,1872.7,0,0,0,0,0,0,0,0,0,0,0,1
1/9/2023,Kinross Gold Corporation,4.63,4.65,4.51,4.52,4.57,10.51344743276283,0.21168963130016585,0,1872.7,0,0,0,0,0,0,0,0,0,0,0,1
1/9/2023,Alamos Gold Inc.,148.69,149.19,144.46,10.69,10.86,5.736894164193869,0.3454784467124641,0,1872.7,0,0,0,0,0,0,0,0,0,0,0,1
1/9/2023,Harmony Gold Mining Company Limited,3.93,3.985,3.87,3.9,3.83,14.705882352941178,0.19467463698621412,0,1872.7,0,0,0,0,0,0,0,0,0,0,0,1
1/9/2023,Pan American Silver Corp.,17.945,17.945,18.0299,17.59,17.74,7.649938800489596,0.6325670489588993,0,1872.7,0,0,0,0,0,0,0,0,0,0,0,1
1/9/2023,Endeavour Mining plc,3.53,3.53,3.53,3.39,3.47,4.629629629629626,0.10925069466925277,0,1872.7,0,0,0,0,0,0,0,0,0,0,0,1
1/9/2023,Osisko Gold Royalties Ltd,12.76,12.9,12.54,12.6,12.72,4.391052195526092,0.29161802315455587,0,1872.7,0,0,0,0,0,0,0,0,0,0,0,1
1/9/2023,Eldorado Gold Corporation,9,9.08,8.685,8.73,8.9,4.425837320574175,0.24452578011910714,0,1872.7,0,0,0,0,0,0,0,0,0,0,0,1
1/9/2023,IAMGOLD Corporation,2.67,2.72,2.59,2.61,2.65,1.162790697674411,0.063569422,0,1872.7,0,0,0,0,0,0,0,0,0,0,0,1
1/9/2023,"Coeur Mining, Inc.",3.79,3.81,3.68,3.71,3.68,10.41666666666667,0.14297227503460763,0,1872.7,0,0,0,0,0,0,0,0,0,0,0,1
1/9/2023,Equinox Gold Corp.,4.08,4.09,3.94,3.96,4,20.731707317073177,0.3278692030150349,0,1872.7,0,0,0,0,0,0,0,0,0,0,0,1
1/9/2023,Orla Mining Ltd.,4.29,4.36,4.18,4.18,4.25,3.4653465346534573,0.097751507,0,1872.7,0,0,0,0,0,0,0,0,0,0,0,1
1/9/2023,Sandstorm Gold Ltd.,5.81,5.88,5.7,5.72,5.78,8.745247148288973,0.22808206543134596,0,1872.7,0,0,0,0,0,0,0,0,0,0,0,1
1/9/2023,Centerra Gold Inc.,5.81,5.9,5.75,5.76,5.78,11.1969112,0.26109658858634816,0,1872.7,0,0,0,0,0,0,0,0,0,0,0,1
1/9/2023,Seabridge Gold Inc.,14.02,14.0999,13.7,13.77,13.88,9.459459459459456,0.6240879058960478,0,1872.7,0,0,0,0,1,0,0,1,0,0,0,1
1/9/2023,DRDGOLD Limited,8.73,8.73,8.36,8.38,8.55,13.24324324324325,0.5003124024047376,0,1872.7,0,0,0,0,0,0,0,0,0,0,0,1
1/9/2023,Caledonia Mining Corporation Plc,13.68,14.63,13.64,14.15,13.56,14.11290322580645,0.5011700595321202,0,1872.7,0,0,0,0,0,0,0,0,0,0,0,1
1/9/2023,"Idaho Strategic Resources, Inc.",5.73,5.91,5.7,5.85,5.77,2.6315789473684115,0.054099776,0,1872.7,0,0,0,0,0,0,0,0,0,0,0,1
1/9/2023,"Contango Ore, Inc.",21.92,23.79,21.7,22.95,22.03,0.1308900523560104,0.4518355421421134,0,1872.7,0,0,0,0,0,0,0,0,0,0,0,1
1/10/2023,Newmont Corporation,52.49,53.23,52.22,53.15,52.22,7.200484066155709,1.9426339814062452,0,1871.6,0,0,0,0,0,0,0,0,0,0,0,0
1/10/2023,Agnico Eagle Mine,54.74,55.27,54.41,55.24,54.71,3.1366691560866315,1.1959925644775977,0,1871.6,0,0,0,0,0,0,0,0,0,0,0,0
1/10/2023,Barrick Gold Cor,19,19.46,18.845,19.39,18.97,8.749298934380272,0.7007750810964344,0,1871.6,1,0,0,0,0,0,0,0,0,0,0,0
1/10/2023,Wheaton Precious Metals Corp.,43,43.55,42.86,43.46,42.88,7.123490263741683,1.5308161921947767,0,1871.6,0,0,0,0,0,0,0,0,0,0,0,0
1/10/2023,Franco-Nevada Corporation,142.03,144.4,141.44,144.1,142.1,4.306912775968142,1.840845593742194,0,1871.6,0,0,0,0,0,0,0,0,0,1,0,0
1/10/2023,Gold Fields Limited,12.04,12.09,11.87,12.02,11.87,11.090573012938995,0.6016643582596533,0,1871.6,0,0,0,0,0,0,0,0,0,0,0,0
1/10/2023,AngloGold Ashant,21.69,21.975,21.62,21.94,21.32,8.829365079365086,0.7665693520018716,0,1871.6,0,0,0,0,0,0,0,0,0,0,0,0
1/10/2023,Kinross Gold Corporation,4.53,4.62,4.5,4.61,4.52,7.9625292740047025,0.1758245879116052,0,1871.6,0,0,0,0,0,0,0,0,0,0,0,0
1/10/2023,Alamos Gold Inc.,145.76,151.65,145.75,10.89,10.69,5.115830115830127,0.2835709787689844,0,1871.6,0,0,0,0,0,0,0,0,0,0,0,0
1/10/2023,Harmony Gold Mining Company Limited,3.95,3.98,3.88,3.95,3.9,12.215909090909095,0.17537205348303667,0,1871.6,0,0,0,0,0,0,0,0,0,0,0,0
1/10/2023,Pan American Silver Corp.,17.59,17.59,18.09,18.09,17.59,5.358182877111229,0.5039203451793873,0,1871.6,0,0,0,0,0,0,0,0,0,0,0,0
1/10/2023,Endeavour Mining plc,3.42,3.42,3.55,3.53,3.39,7.621951219512195,0.094102907,0,1871.6,0,0,0,0,0,0,0,1,0,0,0,0
1/10/2023,Osisko Gold Royalties Ltd,12.73,12.8,12.565,12.65,12.6,3.2653061224489828,0.2437064979495964,0,1871.6,1,0,0,0,0,0,0,0,0,0,0,0
1/10/2023,Eldorado Gold Corporation,8.73,9,8.64,8.99,8.73,5.889281507656065,0.20691181696558802,0,1871.6,0,0,0,0,0,0,0,0,0,0,0,0
1/10/2023,IAMGOLD Corporation,2.64,2.72,2.585,2.7,2.61,7.1428571428571495,0.06112049,0,1871.6,0,0,0,0,0,0,0,0,0,0,0,0
1/10/2023,"Coeur Mining, Inc.",3.76,3.85,3.66,3.82,3.71,12.352941176470585,0.13648652471424239,0,1871.6,0,0,0,0,0,0,0,0,0,0,0,0
1/10/2023,Equinox Gold Corp.,3.95,4.26,3.92,4.26,3.96,18.99441340782122,0.2688567063910222,0,1871.6,0,0,0,0,0,0,0,0,0,0,0,0
1/10/2023,Orla Mining Ltd.,4.22,4.31,4.2,4.31,4.18,4.106280193236714,0.089751641,0,1871.6,0,0,0,0,0,0,0,0,0,0,0,0
1/10/2023,Sandstorm Gold Ltd.,5.74,5.77,5.63,5.74,5.72,5.709023941,0.1916842642025092,0,1871.6,0,0,0,0,0,0,0,0,0,0,0,0
1/10/2023,Centerra Gold Inc.,5.73,5.86,5.7035,5.86,5.76,9.328358208955223,0.22669992753165405,0,1871.6,0,0,0,0,0,0,0,0,0,0,0,0
1/10/2023,Seabridge Gold Inc.,13.85,13.85,13.495,13.76,13.77,8.091123330714842,0.5442409524151174,0,1871.6,0,0,0,0,0,0,0,0,0,0,0,0
1/10/2023,DRDGOLD Limited,8.44,8.75,8.36,8.52,8.38,10.21992238033634,0.4262774917820553,0,1871.6,0,0,0,0,0,0,0,0,0,0,0,0
1/10/2023,Caledonia Mining Corporation Plc,14.19,14.72,13.68,14.4,14.15,12.941176470588239,0.577913427,0,1871.6,0,0,0,0,0,0,0,0,0,0,0,0
1/10/2023,"Idaho Strategic Resources, Inc.",5.86,5.95,5.68,5.69,5.85,-0.698080279,0.056757630072339825,0,1871.6,0,0,0,0,0,0,0,0,0,0,0,0
1/10/2023,"Contango Ore, Inc.",22.5,26.9,22.5,25.75,22.95,13.938053097345126,0.4572276707037128,0,1871.6,0,0,0,0,0,0,0,0,0,0,0,0
1/11/2023,Newmont Corporation,53.35,53.65,52.06,52.46,53.15,1.8443020772665557,1.1656604504375587,0,1874.6,0,0,0,0,0,0,0,0,0,0,0,0
1/11/2023,Agnico Eagle Mine,55.26,55.45,54.07,54.54,55.24,-1.694304254,0.6381446320612207,0,1874.6,0,0,0,0,0,0,0,0,0,0,0,0
1/11/2023,Barrick Gold Cor,19.47,19.52,18.95,19.22,19.39,1.800847457627118,0.4562091468989704,0,1874.6,0,0,0,0,0,1,0,0,0,0,0,0
1/11/2023,Wheaton Precious Metals Corp.,43.66,43.86,42.715,43.26,43.46,3.122765196662682,1.0161332519479374,0,1874.6,0,0,0,0,0,0,0,0,0,0,0,0
1/11/2023,Franco-Nevada Corporation,144.5,145.18,142.64,144.25,144.1,1.6059730929069531,1.8817843925381224,0,1874.6,0,0,0,0,0,0,0,0,0,0,0,0
1/11/2023,Gold Fields Limited,12.47,12.49,12.015,12.27,12.02,6.050129645635257,0.4053195388473509,0,1874.6,0,0,0,0,0,0,0,0,0,0,0,0
1/11/2023,AngloGold Ashant,22.19,22.28,21.705,22.01,21.94,2.994852597098739,0.5116918715678118,0,1874.6,0,0,0,0,0,0,0,0,0,0,0,0
1/11/2023,Kinross Gold Corporation,4.62,4.65,4.55,4.56,4.61,0.6622516556291249,0.1094140236506663,0,1874.6,1,0,0,0,0,0,0,0,0,0,0,0
1/11/2023,Alamos Gold Inc.,152.17,154.01,151.945,10.88,10.89,0.2764976958525451,0.17715509750336994,0,1874.6,0,0,0,0,0,0,0,0,0,0,0,0
1/11/2023,Harmony Gold Mining Company Limited,4.03,4.05,3.91,3.99,3.95,5.555555555555566,0.12850792082313683,0,1874.6,0,0,0,0,0,0,0,0,0,0,0,0
1/11/2023,Pan American Silver Corp.,18.37,18.37,18.515,18.26,18.09,2.0681945220793794,0.2837220722568346,0,1874.6,0,0,0,0,0,0,0,0,0,0,0,0
1/11/2023,Endeavour Mining plc,3.56,3.56,3.57,3.53,3.53,1.4367816091953973,0.080133817,0,1874.6,0,0,0,0,0,0,0,0,0,0,0,0
1/11/2023,Osisko Gold Royalties Ltd,17.53,12.76,12.53,12.63,12.65,0.23809523809524713,0.15482709249814086,0,1874.6,0,0,0,0,0,0,0,0,0,0,0,0
1/11/2023,Eldorado Gold Corporation,3.37,9.02,8.62,8.69,8.99,-1.918735892,0.161400124,0,1874.6,0,0,0,0,0,0,0,0,0,0,0,0
1/11/2023,IAMGOLD Corporation,17.39,2.71,2.6,2.61,2.7,-2.973977695,0.06112049,0,1874.6,0,0,0,0,0,0,0,0,0,0,0,0
1/11/2023,"Coeur Mining, Inc.",3.38,3.855,3.6,3.64,3.82,2.247191011235957,0.1296974501346447,0,1874.6,0,0,0,0,0,0,0,0,0,0,0,0
1/11/2023,Equinox Gold Corp.,17.8,4.26,3.94,4.08,4.26,2.0000000000000018,0.1856984883391035,0,1874.6,0,0,0,0,0,1,1,1,0,0,0,0
1/11/2023,Orla Mining Ltd.,3.42,4.36,4.21,4.24,4.31,4.691358024691368,0.090553851,0,1874.6,0,0,0,0,0,0,0,0,0,0,0,0
1/11/2023,Sandstorm Gold Ltd.,17.8,5.81,5.665,5.69,5.74,1.0657193605683926,0.1188035593502396,0,1874.6,1,0,0,0,0,0,0,1,0,0,0,0
1/11/2023,Centerra Gold Inc.,3.42,5.99,5.81,5.97,5.86,7.181328546,0.1616654393669659,0,1874.6,0,0,0,0,0,0,0,0,0,0,0,0
1/11/2023,Seabridge Gold Inc.,17.8,13.88,13.5661,13.76,13.76,-0.578034682,0.3899610786439371,0,1874.6,0,0,0,0,0,0,0,0,0,0,0,0
1/11/2023,DRDGOLD Limited,3.42,8.62,8.29,8.44,8.52,3.8130381303812877,0.2893311251835872,0,1874.6,0,0,0,0,0,0,0,0,0,0,0,0
1/11/2023,Caledonia Mining Corporation Plc,17.945,14.57,14.26,14.27,14.4,10.193050193050196,0.6050841145777061,0,1874.6,0,0,0,0,0,0,0,0,0,0,0,0
1/11/2023,"Idaho Strategic Resources, Inc.",3.53,5.85,5.77,5.85,5.69,1.5624999999999976,0.058782285961479434,0,1874.6,0,0,0,0,1,0,0,0,0,0,0,0
1/11/2023,"Contango Ore, Inc.",17.59,25.75,25.75,25.75,25.75,13.938053097345126,1.2879933174183331,0,1874.6,0,0,0,0,0,0,0,0,0,0,0,0
1/12/2023,Newmont Corporation,3.42,53.59,52.61,53.4,52.46,4.276508494434676,0.6565004624087238,0,1895.5,0,0,0,0,0,0,0,0,0,0,0,0
1/12/2023,Agnico Eagle Mine,55.4,55.59,54.11,55.19,54.54,1.210342930496968,0.38272519048078013,0,1895.5,0,0,0,0,0,0,0,0,0,0,0,0
1/12/2023,Barrick Gold Cor,19.53,19.61,19.21,19.43,19.22,3.4611288604898753,0.19003759026646783,0,1895.5,0,0,0,0,0,0,0,0,0,0,0,0
1/12/2023,Wheaton Precious Metals Corp.,43.9,44.205,43.035,44.05,43.26,4.9559208958780046,0.6193256701560927,0,1895.5,0,0,0,0,0,0,0,0,0,0,0,0
1/12/2023,Franco-Nevada Corporation,146.06,147.795,144.74,147.37,144.25,5.377189846263861,1.9376822494929535,0,1895.5,0,0,0,0,0,0,0,0,0,0,0,0
1/12/2023,Gold Fields Limited,12.52,12.57,11.98,12.32,12.27,7.130434782608698,0.2469239327635725,0,1895.5,0,0,0,0,0,0,0,0,0,0,0,0
1/12/2023,AngloGold Ashant,22.67,22.685,22.115,22.64,22.01,7.196969696969695,0.3039002420908149,0,1895.5,0,0,0,0,0,0,0,0,0,0,0,0
1/12/2023,Kinross Gold Corporation,4.67,4.69,4.55,4.66,4.56,4.954954954954949,0.050972682,0,1895.5,0,0,0,0,0,0,0,0,0,0,0,0
1/12/2023,Alamos Gold Inc.,153.86,156.62,151.98,10.98,10.88,1.855287569573294,0.066748462,0,1895.5,1,0,0,0,0,0,0,1,0,0,0,0
1/12/2023,Harmony Gold Mining Company Limited,4.075,4.11,3.97,4.01,3.99,6.648936170212766,0.080788525,0,1895.5,0,0,0,0,0,0,0,0,0,0,0,0
1/12/2023,Pan American Silver Corp.,18.55,18.55,18.66,18.51,18.26,6.318207926479043,0.27001322718922727,0,1895.5,0,0,0,0,0,0,0,0,0,0,0,0
1/12/2023,Endeavour Mining plc,3.63,3.63,3.7,3.57,3.53,5.9347181008901995,0.057802002,0,1895.5,0,0,0,0,0,0,0,1,0,0,0,0
1/12/2023,Osisko Gold Royalties Ltd,12.7,13.07,12.61,13,12.63,3.0110935023771854,0.054182232195743335,0,1895.5,0,0,0,0,0,0,0,0,0,0,0,0
1/12/2023,Eldorado Gold Corporation,8.9,9,8.7396,8.96,8.69,3.107019562715781,0.11360960723963637,0,1895.5,0,0,0,0,0,0,0,0,0,0,0,0
1/12/2023,IAMGOLD Corporation,2.65,2.745,2.62,2.69,2.61,-0.73800738,0.038335921,0,1895.5,0,0,0,0,0,1,0,1,0,0,0,0
1/12/2023,"Coeur Mining, Inc.",3.73,3.85,3.69,3.74,3.64,5.949008498583582,0.089880874,0,1895.5,1,0,0,1,0,0,0,0,0,0,0,0
1/12/2023,Equinox Gold Corp.,4.14,4.16,3.97,4.03,4.08,2.5445292620865163,0.10273926777457901,0,1895.5,0,0,0,0,0,0,0,0,0,0,0,0
1/12/2023,Orla Mining Ltd.,4.28,4.3,4.25,4.27,4.24,4.400977995110018,0.089562428,0,1895.5,0,0,0,0,0,0,0,0,0,0,0,0
1/12/2023,Sandstorm Gold Ltd.,5.8,5.85,5.697,5.81,5.69,1.9298245614034988,0.05365232,0,1895.5,0,0,0,0,0,0,0,0,0,0,0,0
1/12/2023,Centerra Gold Inc.,6.1,6.14,5.9401,6.07,5.97,7.433628318584069,0.12123619214456545,0,1895.5,0,0,0,0,0,0,0,0,0,0,0,0
1/12/2023,Seabridge Gold Inc.,14,14.07,13.6234,13.88,13.76,1.834189288334556,0.087668206,0,1895.5,0,0,0,0,0,0,0,0,0,0,0,0
1/12/2023,DRDGOLD Limited,8.73,8.79,8.46,8.59,8.44,3.7439613526570112,0.15408717384278928,0,1895.5,0,0,0,0,0,0,0,0,0,0,0,0
1/12/2023,Caledonia Mining Corporation Plc,14.38,14.72,14.16,14.6,14.27,13.884555382215282,0.5854775218327596,0,1895.5,0,0,0,0,0,0,0,0,0,0,0,0
1/12/2023,"Idaho Strategic Resources, Inc.",5.82,5.86,5.68,5.8,5.85,-1.192504259,0.060577577,0,1895.5,0,0,0,0,0,0,0,0,0,0,0,0
1/12/2023,"Contango Ore, Inc.",25.88,25.88,25.85,25.85,25.75,18.79595588235294,1.671036889393612,0,1895.5,0,0,0,0,0,0,0,0,0,0,0,0
1/13/2023,Newmont Corporation,53.36,54.49,53.25,54.35,53.4,3.1505029417346813,0.6603448774260853,0,1918.4,0,0,0,0,0,0,0,0,0,0,0,0
1/13/2023,Agnico Eagle Mine,55.19,56.135,55.06,55.95,55.19,1.2120115774240263,0.3474781596425164,0,1918.4,0,0,0,0,0,0,0,0,0,0,0,0
1/13/2023,Barrick Gold Cor,19.44,19.82,19.43,19.64,19.43,3.151260504201688,0.21908494764751535,0,1918.4,0,0,0,0,0,0,0,0,0,0,0,0
1/13/2023,Wheaton Precious Metals Corp.,44,44.76,43.99,44.53,44.05,2.840646651270217,0.5901815701242272,0,1918.4,0,0,0,0,0,0,0,0,0,0,0,0
1/13/2023,Franco-Nevada Corporation,147.28,148.66,146.14,146.69,147.37,4.928469241773953,2.8615377359534797,0,1918.4,0,0,0,0,0,0,0,0,0,0,0,0
1/13/2023,Gold Fields Limited,12.63,12.86,12.505,12.69,12.32,6.192468619246863,0.25255480310504763,0,1918.4,0,0,0,0,0,0,0,0,0,0,0,0
1/13/2023,AngloGold Ashant,23,23.365,22.735,23.18,22.64,7.964601769911509,0.4889639192064308,0,1918.4,0,0,0,0,0,0,0,0,0,0,0,0
1/13/2023,Kinross Gold Corporation,4.66,4.78,4.64,4.74,4.66,3.7199124726477004,0.064086994,0,1918.4,0,0,0,0,0,0,0,0,0,0,0,0
1/13/2023,Alamos Gold Inc.,154.53,156.14,153.21,11,10.98,1.2891344383057144,0.084684288,0,1918.4,0,0,0,0,0,0,0,0,0,0,0,0
1/13/2023,Harmony Gold Mining Company Limited,4.05,4.125,3.99,4.07,4.01,6.2663185378590125,0.089242847,0,1918.4,0,0,0,0,0,0,0,0,0,0,0,0
1/13/2023,Pan American Silver Corp.,18.4,18.4,18.835,18.8,18.51,5.975197294250295,0.3682002560719195,0,1918.4,0,0,0,0,0,1,0,0,0,0,0,0
1/13/2023,Endeavour Mining plc,3.53,3.53,3.705,3.66,3.57,5.475504322766569,0.069075528,0,1918.4,0,0,0,0,0,0,0,0,0,0,0,0
1/13/2023,Osisko Gold Royalties Ltd,12.98,13.37,12.98,13.25,13,4.166666666666662,0.1279229678919494,0,1918.4,0,0,0,0,0,0,0,0,0,0,0,0
1/13/2023,Eldorado Gold Corporation,8.9,9.22,8.9,9.03,8.96,1.4606741573033595,0.12224097980161497,0,1918.4,0,0,0,0,0,0,0,0,0,0,0,0
1/13/2023,IAMGOLD Corporation,2.71,2.815,2.71,2.77,2.69,4.528301886792456,0.038335921,0,1918.4,0,0,0,0,0,0,0,0,0,0,0,0
1/13/2023,"Coeur Mining, Inc.",3.68,3.82,3.68,3.8,3.74,3.2608695652173822,0.082807867,0,1918.4,0,0,0,0,0,0,0,0,0,0,0,0
1/13/2023,Equinox Gold Corp.,4,4.22,3.97,4.16,4.03,4.0000000000000036,0.10208539842420204,0,1918.4,0,0,0,0,0,0,0,0,0,0,0,0
1/13/2023,Orla Mining Ltd.,4.27,4.29,4.24,4.25,4.27,0,0.066975475,0,1918.4,0,0,0,0,0,0,0,0,0,0,0,0
1/13/2023,Sandstorm Gold Ltd.,5.81,5.895,5.76,5.85,5.81,1.2110726643598513,0.043752550946040324,0,1918.4,0,0,0,0,0,0,0,0,0,0,0,0
1/13/2023,Centerra Gold Inc.,6.05,6.2,6.01,6.16,6.07,6.574394463667818,0.13249663068492262,0,1918.4,0,0,0,0,0,0,0,0,0,0,0,0
1/13/2023,Seabridge Gold Inc.,13.9,14.1781,13.8,14.08,13.88,1.4409221902017237,0.091339242,0,1918.4,0,0,0,0,0,0,0,0,0,0,0,0
1/13/2023,DRDGOLD Limited,8.69,9.0301,8.62,8.95,8.59,4.678362573099398,0.10687108388815775,0,1918.4,0,0,0,0,0,0,0,0,0,0,0,0
1/13/2023,Caledonia Mining Corporation Plc,14.7,15.44,14.47,15.44,14.6,13.86430678466076,0.5907380371801272,0,1918.4,0,0,0,0,0,0,0,0,0,0,0,0
1/13/2023,"Idaho Strategic Resources, Inc.",5.7,5.8,5.7,5.77,5.8,0,0.059266347955648495,0,1918.4,0,0,0,0,0,0,0,0,0,0,0,0
1/13/2023,"Contango Ore, Inc.",25.85,25.85,25.85,25.85,25.85,17.339990921470722,1.907035377,0,1918.4,0,0,0,0,0,0,0,0,0,0,0,0
1/14/2023,Newmont Corporation,53.36,54.49,53.25,54.35,54.35,3.1505029417346813,0.6737938959991685,0,1918.4,0,0,0,0,0,0,0,0,0,0,0,0
1/14/2023,Agnico Eagle Mine,55.19,56.135,55.06,55.95,55.95,1.2120115774240263,0.4237565844410229,0,1918.4,0,0,0,0,0,0,0,0,0,0,0,0
1/14/2023,Barrick Gold Cor,19.44,19.82,19.43,19.64,19.64,3.151260504201688,0.24174588192681232,0,1918.4,0,0,0,0,0,0,0,0,0,0,0,0
1/14/2023,Wheaton Precious Metals Corp.,44,44.76,43.99,44.53,44.53,2.840646651270217,0.5245678493497735,0,1918.4,0,0,0,0,0,0,0,0,0,0,0,0
1/14/2023,Franco-Nevada Corporation,147.28,148.66,146.14,146.69,146.69,4.928469241773953,3.0941070140325944,0,1918.4,0,0,0,0,0,0,0,0,0,0,0,0
1/14/2023,Gold Fields Limited,12.63,12.86,12.505,12.69,12.69,6.192468619246863,0.2793231615377238,0,1918.4,0,0,0,0,0,0,0,0,0,0,0,0
1/14/2023,AngloGold Ashant,23,23.365,22.735,23.18,23.18,7.964601769911509,0.6632764991206258,0,1918.4,0,0,0,0,0,0,0,0,0,0,0,0
1/14/2023,Kinross Gold Corporation,4.66,4.78,4.64,4.74,4.74,3.7199124726477004,0.069693205,0,1918.4,0,0,0,0,0,0,0,0,0,0,0,0
1/14/2023,Alamos Gold Inc.,154.53,156.14,153.21,11,11,1.2891344383057144,0.09392246,0,1918.4,0,0,0,0,0,0,0,0,0,0,0,0
1/14/2023,Harmony Gold Mining Company Limited,4.05,4.125,3.99,4.07,4.07,6.2663185378590125,0.093187599,0,1918.4,0,0,0,0,0,0,0,0,0,0,0,0
1/14/2023,Pan American Silver Corp.,18.4,18.4,18.835,18.8,18.8,5.975197294250295,0.4340979974943092,0,1918.4,0,0,0,0,0,0,0,0,0,0,0,0
1/14/2023,Endeavour Mining plc,3.53,3.53,3.705,3.66,3.66,5.475504322766569,0.081141411,0,1918.4,0,0,0,0,0,0,0,0,0,0,0,0
1/14/2023,Osisko Gold Royalties Ltd,12.98,13.37,12.98,13.25,13.25,4.166666666666662,0.22411333229927285,0,1918.4,0,0,0,0,0,0,0,0,0,0,0,0
1/14/2023,Eldorado Gold Corporation,8.9,9.22,8.9,9.03,9.03,1.4606741573033595,0.11973184324028507,0,1918.4,0,0,0,0,0,0,0,0,0,0,0,0
1/14/2023,IAMGOLD Corporation,2.71,2.815,2.71,2.77,2.77,4.528301886792456,0.05289815,0,1918.4,0,0,0,0,0,0,0,0,0,0,0,0
1/14/2023,"Coeur Mining, Inc.",3.68,3.82,3.68,3.8,3.8,3.2608695652173822,0.063344297,0,1918.4,0,0,0,0,0,0,0,0,0,0,0,0
1/14/2023,Equinox Gold Corp.,4,4.22,3.97,4.16,4.16,4.0000000000000036,0.10148011768673576,0,1918.4,0,0,0,0,0,0,0,0,0,0,0,0
1/14/2023,Orla Mining Ltd.,4.27,4.29,4.24,4.25,4.25,0,0.035856858280032294,0,1918.4,0,0,0,0,0,0,0,0,0,0,0,0
1/14/2023,Sandstorm Gold Ltd.,5.81,5.895,5.76,5.85,5.85,1.2110726643598513,0.050832358,0,1918.4,0,0,0,0,0,0,0,0,0,0,0,0
1/14/2023,Centerra Gold Inc.,6.05,6.2,6.01,6.16,6.16,6.574394463667818,0.15380878667079606,0,1918.4,0,0,0,0,0,0,0,0,0,0,0,0
1/14/2023,Seabridge Gold Inc.,13.9,14.1781,13.8,14.08,14.08,1.4409221902017237,0.10561892417013977,0,1918.4,0,0,0,0,0,0,0,0,0,0,0,0
1/14/2023,DRDGOLD Limited,8.69,9.0301,8.62,8.95,8.95,4.678362573099398,0.16961616331335932,0,1918.4,0,0,0,0,0,0,0,0,0,0,0,0
1/14/2023,Caledonia Mining Corporation Plc,14.7,15.44,14.47,15.44,15.44,13.86430678466076,0.6517394308420248,0,1918.4,0,0,0,0,0,0,0,0,0,0,0,0
1/14/2023,"Idaho Strategic Resources, Inc.",5.7,5.8,5.7,5.77,5.77,0,0.051530157605591854,0,1918.4,0,0,0,0,0,0,0,0,0,0,0,0
1/14/2023,"Contango Ore, Inc.",25.85,25.85,25.85,25.85,25.85,17.339990921470722,1.9163954259419995,0,1918.4,0,0,0,0,0,0,0,0,0,0,0,0
1/15/2023,Newmont Corporation,53.36,54.49,53.25,54.35,54.35,3.1505029417346813,0.8198595262953108,0,1918.4,0,0,0,0,0,0,0,0,0,0,0,0
1/15/2023,Agnico Eagle Mine,55.19,56.135,55.06,55.95,55.95,1.2120115774240263,0.5040904113917685,0,1918.4,0,0,0,0,0,0,0,0,0,0,0,0
1/15/2023,Barrick Gold Cor,19.44,19.82,19.43,19.64,19.64,3.151260504201688,0.26901606431056146,0,1918.4,0,0,0,0,0,0,0,0,0,0,0,0
1/15/2023,Wheaton Precious Metals Corp.,44,44.76,43.99,44.53,44.53,2.840646651270217,0.6248871326659313,0,1918.4,0,0,0,0,0,0,0,0,0,0,0,0
1/15/2023,Franco-Nevada Corporation,147.28,148.66,146.14,146.69,146.69,4.928469241773953,3.038129123560826,0,1918.4,0,0,0,0,0,0,0,0,0,0,0,0
1/15/2023,Gold Fields Limited,12.63,12.86,12.505,12.69,12.69,6.192468619246863,0.3300649286774619,0,1918.4,0,0,0,0,0,0,0,0,0,0,0,0
1/15/2023,AngloGold Ashant,23,23.365,22.735,23.18,23.18,7.964601769911509,0.7596321948341646,0,1918.4,0,0,0,0,0,0,0,0,0,0,0,0
1/15/2023,Kinross Gold Corporation,4.66,4.78,4.64,4.74,4.74,3.7199124726477004,0.083740671,0,1918.4,0,0,0,0,0,0,0,0,0,0,0,0
1/15/2023,Alamos Gold Inc.,154.53,156.14,153.21,11,11,1.2891344383057144,0.10281745265969504,0,1918.4,0,0,0,0,0,0,0,0,0,0,0,0
1/15/2023,Harmony Gold Mining Company Limited,4.05,4.125,3.99,4.07,4.07,6.2663185378590125,0.096353145,0,1918.4,0,0,0,0,0,0,0,0,0,0,0,0
1/15/2023,Pan American Silver Corp.,18.4,18.4,18.835,18.8,18.8,5.975197294250295,0.482032527,0,1918.4,0,0,0,0,0,0,0,0,0,0,0,0
1/15/2023,Endeavour Mining plc,3.53,3.53,3.705,3.66,3.66,5.475504322766569,0.094112395,0,1918.4,0,0,0,0,0,0,0,0,0,0,0,0
1/15/2023,Osisko Gold Royalties Ltd,12.98,13.37,12.98,13.25,13.25,4.166666666666662,0.2744214693808433,0,1918.4,0,0,0,0,0,0,0,0,0,0,0,0
1/15/2023,Eldorado Gold Corporation,8.9,9.22,8.9,9.03,9.03,1.4606741573033595,0.1300480680364072,0,1918.4,0,0,0,0,0,0,0,0,0,0,0,0
1/15/2023,IAMGOLD Corporation,2.71,2.815,2.71,2.77,2.77,4.528301886792456,0.063569422,0,1918.4,0,0,0,0,0,0,0,0,0,0,0,0
1/15/2023,"Coeur Mining, Inc.",3.68,3.82,3.68,3.8,3.8,3.2608695652173822,0.066962143,0,1918.4,0,0,0,0,0,0,0,0,0,0,0,0
1/15/2023,Equinox Gold Corp.,4,4.22,3.97,4.16,4.16,4.0000000000000036,0.10343217239192891,0,1918.4,0,0,0,0,0,0,0,0,0,0,0,0
1/15/2023,Orla Mining Ltd.,4.27,4.29,4.24,4.25,4.25,0,0.035856858280032294,0,1918.4,0,0,0,0,0,0,0,0,0,0,0,0
1/15/2023,Sandstorm Gold Ltd.,5.81,5.895,5.76,5.85,5.85,1.2110726643598513,0.058492978821638945,0,1918.4,0,0,0,0,0,0,0,0,0,0,0,0
1/15/2023,Centerra Gold Inc.,6.05,6.2,6.01,6.16,6.16,6.574394463667818,0.17094276402184483,0,1918.4,0,0,0,0,0,0,0,0,0,0,0,0
1/15/2023,Seabridge Gold Inc.,13.9,14.1781,13.8,14.08,14.08,1.4409221902017237,0.1312508503373837,0,1918.4,0,0,0,0,0,0,0,0,0,0,0,0
1/15/2023,DRDGOLD Limited,8.69,9.0301,8.62,8.95,8.95,4.678362573099398,0.21659293617290834,0,1918.4,0,0,0,0,0,0,0,0,0,0,0,0
1/15/2023,Caledonia Mining Corporation Plc,14.7,15.44,14.47,15.44,15.44,13.86430678466076,0.725824654,0,1918.4,0,0,0,0,0,0,0,0,0,0,0,0
1/15/2023,"Idaho Strategic Resources, Inc.",5.7,5.8,5.7,5.77,5.77,0,0.051530157605591854,0,1918.4,0,0,0,0,0,0,0,0,0,0,0,0
1/15/2023,"Contango Ore, Inc.",25.85,25.85,25.85,25.85,25.85,17.339990921470722,1.8203747651827837,0,1918.4,0,0,0,0,0,0,0,0,0,0,0,0
1/16/2023,Newmont Corporation,53.36,54.49,53.25,54.35,54.35,4.078896974339338,0.8899026832830187,0,1918.4,0,0,0,0,0,0,0,0,0,0,0,0
1/16/2023,Agnico Eagle Mine,55.19,56.135,55.06,55.95,55.95,2.266496070188269,0.5591176083794724,0,1918.4,1,0,0,0,0,0,0,0,0,0,0,0
1/16/2023,Barrick Gold Cor,19.44,19.82,19.43,19.64,19.64,3.531892462,0.27100013178700333,0,1918.4,0,0,0,0,0,0,0,1,0,0,0,0
1/16/2023,Wheaton Precious Metals Corp.,44,44.76,43.99,44.53,44.53,3.847947761194026,0.6721341277708702,0,1918.4,0,0,0,0,0,0,0,0,0,0,0,0
1/16/2023,Franco-Nevada Corporation,147.28,148.66,146.14,146.69,146.69,3.2301196340605234,2.6817022179418273,0,1918.4,0,0,0,0,0,0,0,0,0,0,0,0
1/16/2023,Gold Fields Limited,12.63,12.86,12.505,12.69,12.69,6.908171861836565,0.34685320073071824,0,1918.4,0,0,0,0,0,0,0,0,0,0,0,0
1/16/2023,AngloGold Ashant,23,23.365,22.735,23.18,23.18,8.724202626641649,0.7808420363391583,0,1918.4,0,0,0,0,0,0,0,0,0,0,0,0
1/16/2023,Kinross Gold Corporation,4.66,4.78,4.64,4.74,4.74,4.867256637168156,0.090198194,0,1918.4,0,0,0,0,0,1,0,0,0,0,0,0
1/16/2023,Alamos Gold Inc.,154.53,156.14,153.21,11,11,2.8999064546305005,0.10780272988857298,0,1918.4,0,0,0,0,0,0,0,0,0,0,0,0
1/16/2023,Harmony Gold Mining Company Limited,4.05,4.125,3.99,4.07,4.07,4.358974358974368,0.088469123,0,1918.4,0,0,0,0,0,0,0,0,0,0,0,0
1/16/2023,Pan American Silver Corp.,18.4,18.4,18.835,18.8,18.8,6.878908470722006,0.48594348583818536,0,1918.4,0,0,0,0,0,0,0,0,0,0,0,0
1/16/2023,Endeavour Mining plc,3.53,3.53,3.705,3.66,3.66,7.964601769911504,0.099202175,0,1918.4,0,0,0,0,0,0,0,0,0,0,0,0
1/16/2023,Osisko Gold Royalties Ltd,12.98,13.37,12.98,13.25,13.25,5.158730158730162,0.3005916784324793,0,1918.4,0,0,0,0,0,0,0,0,0,0,0,0
1/16/2023,Eldorado Gold Corporation,8.9,9.22,8.9,9.03,9.03,3.4364261168384758,0.1374253043864788,0,1918.4,1,0,0,0,0,0,0,0,0,0,0,0
1/16/2023,IAMGOLD Corporation,2.71,2.815,2.71,2.77,2.77,6.130268199233722,0.069062601,0,1918.4,0,0,0,0,0,0,0,0,0,0,0,0
1/16/2023,"Coeur Mining, Inc.",3.68,3.82,3.68,3.8,3.8,2.4258760107816673,0.066641364,0,1918.4,0,0,0,0,0,0,0,0,0,0,0,0
1/16/2023,Equinox Gold Corp.,4,4.22,3.97,4.16,4.16,5.0505050505050555,0.1009154525899179,0,1918.4,0,0,0,0,0,0,0,0,0,0,0,0
1/16/2023,Orla Mining Ltd.,4.27,4.29,4.24,4.25,4.25,1.6746411483253658,0.035856858280032294,0,1918.4,0,0,0,0,0,0,0,1,0,0,0,0
1/16/2023,Sandstorm Gold Ltd.,5.81,5.895,5.76,5.85,5.85,2.272727272727271,0.063905622,0,1918.4,0,0,0,0,0,0,0,0,0,0,0,0
1/16/2023,Centerra Gold Inc.,6.05,6.2,6.01,6.16,6.16,6.944444444,0.17212951934102108,0,1918.4,0,0,0,0,0,0,0,1,0,0,0,0
1/16/2023,Seabridge Gold Inc.,13.9,14.1781,13.8,14.08,14.08,2.2512708787218627,0.1478838830202381,0,1918.4,0,0,0,0,0,0,0,0,0,0,0,0
1/16/2023,DRDGOLD Limited,8.69,9.0301,8.62,8.95,8.95,6.801909307875877,0.2436002287120708,0,1918.4,0,0,0,0,0,0,0,0,0,0,0,0
1/16/2023,Caledonia Mining Corporation Plc,14.7,15.44,14.47,15.44,15.44,9.116607773851584,0.7089781378857901,0,1918.4,0,0,0,0,0,0,0,0,0,0,0,0
1/16/2023,"Idaho Strategic Resources, Inc.",5.7,5.8,5.7,5.77,5.77,-1.367521368,0.051530157605591854,0,1918.4,0,0,0,0,0,0,0,0,0,0,0,0
1/16/2023,"Contango Ore, Inc.",25.85,25.85,25.85,25.85,25.85,12.636165577342057,1.5600641012471221,0,1918.4,0,0,0,0,0,0,0,0,0,0,0,0
1/17/2023,Newmont Corporation,53.72,53.8774,52.23,52.47,54.35,-1.27939793,0.901814639,6702662.813,1907.2,0,0,0,0,0,0,0,0,0,0,0,0
1/17/2023,Agnico Eagle Mine,55.5,55.6,54.28,54.58,55.95,-1.194786387,0.5958906898800297,2850950.5,1907.2,0,0,0,0,0,0,0,0,0,0,0,0
1/17/2023,Barrick Gold Cor,19.42,19.46,18.67,18.75,19.64,-3.300670449,0.2483049680188846,17720707.5,1907.2,0,0,0,0,0,0,0,1,0,0,0,0
1/17/2023,Wheaton Precious Metals Corp.,44.02,44.38,43.86,44.07,44.53,1.403589507593188,0.6775046125304414,2524985.875,1907.2,0,0,0,0,0,0,0,0,0,0,0,0
1/17/2023,Franco-Nevada Corporation,145.42,146.27,141.42,142.12,146.69,-1.374045802,1.8594065873666907,662580.3125,1907.2,1,0,1,0,0,0,0,0,0,0,0,0
1/17/2023,Gold Fields Limited,12.31,12.405,12.0782,12.15,12.69,1.0815307820299567,0.3348347140221382,5499337.5,1907.2,0,0,0,0,0,0,0,0,0,0,0,0
1/17/2023,AngloGold Ashant,22.58,22.67,22.02,22.09,23.18,0.6836827711941593,0.7334544001796254,2747824.5,1907.2,0,0,0,0,0,0,0,0,0,0,0,0
1/17/2023,Kinross Gold Corporation,4.74,4.75,4.585,4.61,4.74,0,0.09070163,17012682.69,1907.2,0,0,0,0,0,0,0,0,0,0,0,0
1/17/2023,Alamos Gold Inc.,154.62,157,153.22,10.76,11,-1.193755739,0.10941402365066656,4385740.875,1907.2,0,0,0,0,0,0,0,0,0,0,0,0
1/17/2023,Harmony Gold Mining Company Limited,3.91,3.93,3.77,3.82,4.07,-3.291139241,0.065669628,3736618.688,1907.2,0,0,0,0,0,0,0,0,0,0,0,0
1/17/2023,Pan American Silver Corp.,18.56,18.56,18.73,18.39,18.8,1.658374792703155,0.44698793527981046,3896979.313,1907.2,0,0,0,0,0,1,0,1,0,0,0,0
1/17/2023,Endeavour Mining plc,3.65,3.65,3.67,3.55,3.66,0.5665722379603405,0.097650982,2300087,1907.2,0,0,0,0,0,0,0,0,0,0,0,0
1/17/2023,Osisko Gold Royalties Ltd,13.19,13.2,12.89,13,13.25,2.7667984189723294,0.30882264905836493,1260779.188,1907.2,0,0,0,0,0,0,0,0,0,0,0,0
1/17/2023,Eldorado Gold Corporation,8.87,8.87,8.56,8.74,9.03,-2.780867631,0.14232131654414695,1576440.438,1907.2,0,0,0,0,0,0,0,0,0,0,0,0
1/17/2023,IAMGOLD Corporation,2.77,2.8,2.66,2.71,2.77,0.37037037037036247,0.070596944,7430663.813,1907.2,0,0,0,0,0,0,0,1,0,0,0,0
1/17/2023,"Coeur Mining, Inc.",3.76,3.78,3.6,3.65,3.8,-4.45026178,0.062321172737912434,4807122.188,1907.2,0,0,0,0,0,0,0,0,0,0,0,0
1/17/2023,Equinox Gold Corp.,4.12,4.14,3.96,4.01,4.16,-5.868544601,0.093570065,2371767.938,1907.2,0,0,0,0,0,0,0,0,0,0,0,0
1/17/2023,Orla Mining Ltd.,4.24,4.24,3.72,3.89,4.25,-9.744779582,0.035856858280032294,135374.0625,1907.2,0,0,0,0,0,0,0,0,0,0,0,0
1/17/2023,Sandstorm Gold Ltd.,5.81,5.85,5.67,5.7,5.85,-0.696864111,0.06761234,2237133.438,1907.2,0,0,0,0,0,0,0,0,0,0,0,0
1/17/2023,Centerra Gold Inc.,6.18,6.18,5.7601,5.82,6.16,-0.682593857,0.15772942473923798,160465.625,1907.2,0,0,0,0,0,0,0,0,0,0,0,0
1/17/2023,Seabridge Gold Inc.,13.98,13.98,13.3,13.54,14.08,-1.598837209,0.15837906607702076,303758.3125,1907.2,0,0,0,0,1,1,0,0,0,0,0,0
1/17/2023,DRDGOLD Limited,8.77,8.78,8.35,8.49,8.95,-0.352112676,0.25701236768462954,281599.75,1907.2,0,0,0,0,0,0,0,0,0,0,0,0
1/17/2023,Caledonia Mining Corporation Plc,15.4,15.4,13.87,13.9,15.44,-3.472222222,0.5935065290289601,45950.8125,1907.2,0,0,0,0,0,0,0,0,0,0,0,0
1/17/2023,"Idaho Strategic Resources, Inc.",5.7,5.87,5.7,5.74,5.77,0.8787346221441092,0.051530157605591854,6489.4375,1907.2,0,0,0,0,0,0,0,0,0,0,0,0
1/17/2023,"Contango Ore, Inc.",26,29.08,26,27.56,25.85,7.029126213592228,1.0162079371017356,1704.625,1907.2,0,0,0,0,0,0,0,0,0,0,0,0
1/18/2023,Newmont Corporation,53.02,53.25,51.44,51.53,52.47,-1.77277926,0.8508986845850717,6897599,1904.4,0,0,0,0,0,0,0,0,0,0,0,0
1/18/2023,Agnico Eagle Mine,55.13,55.45,54.21,54.37,54.58,-0.311697836,0.6197796267337846,2899378.188,1904.4,0,0,0,0,0,0,0,0,0,0,0,0
1/18/2023,Barrick Gold Cor,18.95,19.06,18.38,18.38,18.75,-4.370447451,0.31247571334197055,18265067.56,1904.4,0,0,0,0,0,0,0,0,0,0,0,0
1/18/2023,Wheaton Precious Metals Corp.,44.5,44.79,43.94,44,44.07,1.710587147480356,0.514781507,2542464.375,1904.4,0,0,0,0,0,0,0,0,0,0,0,0
1/18/2023,Franco-Nevada Corporation,144.35,144.85,142.33,143.73,142.12,-0.360485269,1.854076589572225,678496.8125,1904.4,0,0,0,0,0,0,0,0,0,0,0,0
1/18/2023,Gold Fields Limited,12.47,12.53,12.06,12.06,12.15,-1.711491443,0.2812726181381456,5728166.813,1904.4,0,0,0,0,0,0,0,0,0,0,0,0
1/18/2023,AngloGold Ashant,22.64,22.705,22.03,22.04,22.09,0.13630168105405535,0.578915242,2903284,1904.4,0,0,0,0,0,0,0,0,0,0,0,0
1/18/2023,Kinross Gold Corporation,4.69,4.7307,4.56,4.56,4.61,0,0.074450367,17440488.13,1904.4,0,0,0,0,0,0,0,0,0,0,0,0
1/18/2023,Alamos Gold Inc.,153.78,155.81,150.82,10.75,10.76,-1.194852941,0.088226575,4599652.875,1904.4,0,0,0,0,0,0,0,0,0,0,0,0
1/18/2023,Harmony Gold Mining Company Limited,3.92,3.94,3.71,3.72,3.82,-6.766917293,0.088145578,3796248.125,1904.4,0,0,0,0,0,0,0,0,0,0,0,0
1/18/2023,Pan American Silver Corp.,18.695,18.695,19.2,18.17,18.39,-0.492880613,0.28600387110266007,3909710.75,1904.4,0,0,0,0,0,0,0,0,0,0,0,0
1/18/2023,Endeavour Mining plc,3.62,3.62,3.75,3.48,3.55,-1.416430595,0.062735271,2328647.625,1904.4,0,0,0,0,0,0,0,0,0,0,0,0
1/18/2023,Osisko Gold Royalties Ltd,13.21,13.25,12.99,13.01,13,3.008709422011077,0.26715431602619805,1297587,1904.4,0,0,0,0,0,0,0,0,0,0,0,0
1/18/2023,Eldorado Gold Corporation,8.92,9.23,8.7,8.8,8.74,1.2658227848101407,0.14028033158135017,1664141.313,1904.4,0,0,0,0,0,0,0,0,0,0,0,0
1/18/2023,IAMGOLD Corporation,2.77,2.815,2.64,2.65,2.71,1.5325670498084305,0.057802001942593044,7360769.875,1904.4,0,0,0,0,0,0,0,0,0,0,0,0
1/18/2023,"Coeur Mining, Inc.",3.73,3.815,3.6622,3.67,3.65,0.8241758241758188,0.072493842,4796900.063,1904.4,0,0,0,0,0,0,0,0,0,0,0,0
1/18/2023,Equinox Gold Corp.,4.16,4.23,4,4.01,4.01,-1.715686275,0.082245278,2356918.25,1904.4,0,0,0,0,0,0,0,0,0,0,0,0
1/18/2023,Orla Mining Ltd.,3.9,3.92,3.83,3.88,3.89,-8.490566038,0.1326582612795533,146922.75,1904.4,0,0,0,0,0,0,0,0,0,0,0,0
1/18/2023,Sandstorm Gold Ltd.,5.78,5.84,5.57,5.58,5.7,-1.933216169,0.071063352,2274078.5,1904.4,0,0,0,0,0,0,0,0,0,0,0,0
1/18/2023,Centerra Gold Inc.,5.84,5.92,5.71,5.72,5.82,-4.18760469,0.1434274331201253,163367.1875,1904.4,0,0,0,0,0,0,0,0,0,0,0,0
1/18/2023,Seabridge Gold Inc.,13.71,13.81,13.29,13.33,13.54,-3.125,0.20644957876302192,305196.375,1904.4,0,0,0,0,0,0,0,0,0,0,0,0
1/18/2023,DRDGOLD Limited,8.67,8.67,8.1796,8.21,8.49,-2.725118483,0.2387467277262711,292417,1904.4,0,0,0,0,0,0,0,0,0,0,0,0
1/18/2023,Caledonia Mining Corporation Plc,14.13,14.58,13.88,14.09,13.9,-1.261387526,0.6430049433269239,49453.625,1904.4,0,0,0,0,0,0,0,0,0,0,0,0
1/18/2023,"Idaho Strategic Resources, Inc.",5.72,5.72,5.59,5.7,5.74,-2.564102564,0.045669621,6468.3125,1904.4,0,0,0,0,1,0,0,0,0,0,0,0
1/18/2023,"Contango Ore, Inc.",27.56,27.56,27.56,27.56,27.56,7.029126213592228,0.6163356576226446,2042.125,1904.4,0,0,0,0,0,0,0,0,0,0,0,0
1/19/2023,Newmont Corporation,51.37,52.865,50.88,52.47,51.53,-1.741573034,1.124719012528412,7169723.625,1922.1,0,0,0,0,0,0,0,0,0,0,0,0
1/19/2023,Agnico Eagle Mine,54.49,55.94,54.37,55.51,54.37,0.5798151839101292,0.7233059024862232,2936471.563,1922.1,0,0,0,0,0,0,0,0,0,0,0,0
1/19/2023,Barrick Gold Cor,18.42,18.92,18.4,18.72,18.38,-3.654143078,0.4831666379211238,18447380.06,1922.1,0,0,0,0,0,0,0,0,0,0,0,0
1/19/2023,Wheaton Precious Metals Corp.,44.06,45.12,44.01,44.96,44,2.0658342792281585,0.4467901392952332,2538517.813,1922.1,0,0,0,0,0,0,0,0,0,0,0,0
1/19/2023,Franco-Nevada Corporation,143.76,146.53,143.28,146.25,143.73,-0.759991857,1.900168695518465,687086.5,1922.1,0,0,0,0,0,0,0,0,0,0,0,0
1/19/2023,Gold Fields Limited,12.11,12.3,12.025,12.23,12.06,-0.730519481,0.27297304942848666,5835202.938,1922.1,0,0,0,0,0,0,0,0,0,0,0,0
1/19/2023,AngloGold Ashant,22.13,22.5599,22,22.29,22.04,-1.545936396,0.5615984839214353,2952870.25,1922.1,0,0,0,0,0,0,0,0,0,0,0,0
1/19/2023,Kinross Gold Corporation,4.53,4.71,4.49,4.69,4.56,0.643776824,0.082364608,17704111.69,1922.1,0,0,0,0,0,0,0,0,0,0,0,0
1/19/2023,Alamos Gold Inc.,151.27,151.59,146.18,10.99,10.75,0.091074681,0.1103808342577123,4741665.875,1922.1,1,0,0,0,0,0,0,0,0,0,0,0
1/19/2023,Harmony Gold Mining Company Limited,3.75,3.83,3.72,3.78,3.72,-5.735660848,0.134456578,3857037.563,1922.1,0,0,0,0,0,0,0,0,0,0,0,0
1/19/2023,Pan American Silver Corp.,18.23,18.23,18.71,18.59,18.17,0.4321988114532592,0.2682183279132205,3946808.625,1922.1,0,0,0,0,0,0,0,0,0,0,0,0
1/19/2023,Endeavour Mining plc,3.52,3.52,3.58,3.56,3.48,-0.280112045,0.072690636,2414075,1922.1,0,0,0,0,0,0,0,0,0,0,0,0
1/19/2023,Osisko Gold Royalties Ltd,13.08,13.72,13.06,13.7,13.01,5.384615385,0.2190238082296661,1316211.375,1922.1,0,0,0,0,0,0,0,0,0,0,0,0
1/19/2023,Eldorado Gold Corporation,8.885,9.03,8.81,8.96,8.8,0,0.14608583582460463,1754524.25,1922.1,0,0,0,0,0,0,0,0,0,0,0,0
1/19/2023,IAMGOLD Corporation,2.68,2.73,2.64,2.65,2.65,-1.486988848,0.063189059,7473383.813,1922.1,0,0,0,0,0,0,0,0,0,0,0,0
1/19/2023,"Coeur Mining, Inc.",3.72,4.04,3.7,4.03,3.67,7.754010695187167,0.073045974,4751306.063,1922.1,0,0,0,0,0,0,0,0,0,0,0,0
1/19/2023,Equinox Gold Corp.,4.04,4.43,3.99,4.4,4.01,9.181141439205957,0.071501748,2361018.938,1922.1,0,0,0,0,0,0,0,0,0,0,0,0
1/19/2023,Orla Mining Ltd.,3.9,4,3.81,3.99,3.88,-6.557377049,0.16995797799960485,149382.3125,1922.1,0,0,0,0,0,0,0,0,0,0,0,0
1/19/2023,Sandstorm Gold Ltd.,5.6,5.915,5.58,5.89,5.58,1.376936316695354,0.10319883720275222,2313501,1922.1,0,0,0,0,0,0,0,0,0,0,0,0
1/19/2023,Centerra Gold Inc.,5.72,6.03,5.72,5.97,5.72,-1.647446458,0.1744173975594982,165958.5625,1922.1,0,0,0,0,0,0,0,0,0,0,0,0
1/19/2023,Seabridge Gold Inc.,13.37,13.77,13.3401,13.64,13.33,-1.729106628,0.2895778947759263,309306.125,1922.1,0,0,0,0,0,0,0,0,0,0,0,0
1/19/2023,DRDGOLD Limited,8.34,8.5,8.24,8.39,8.21,-2.328288708,0.29599408777879627,301463.625,1922.1,0,0,0,0,0,0,0,0,0,0,0,0
1/19/2023,Caledonia Mining Corporation Plc,14.18,14.44,13.93,14.36,14.09,-1.643835616,0.6832014971546015,50598.8125,1922.1,0,0,0,0,0,0,0,0,0,0,0,0
1/19/2023,"Idaho Strategic Resources, Inc.",5.79,5.88,5.57,5.64,5.7,-2.75862069,0.043239367,6982.8125,1922.1,0,0,0,0,0,0,0,0,0,0,0,0
1/19/2023,"Contango Ore, Inc.",27.5,27.75,27.5,27.75,27.56,7.350096711798834,0.8000357134885542,2081.3125,1922.1,0,0,0,0,0,0,0,0,0,0,0,0
1/20/2023,Newmont Corporation,52.06,53.46,51.93,53.34,52.47,-1.858325667,1.1235204556596843,7076507.5,1926.4,0,0,0,0,0,0,0,0,0,0,0,0
1/20/2023,Agnico Eagle Mine,55.17,56.287,54.81,56.24,55.51,0.5183199285075945,0.6537460734653882,2931735.063,1926.4,0,0,0,0,0,0,0,0,0,0,0,0
1/20/2023,Barrick Gold Cor,18.61,18.98,18.52,18.97,18.72,-3.411405295,0.5244589048315849,18510193.88,1926.4,0,0,0,0,0,0,0,0,0,0,0,0
1/20/2023,Wheaton Precious Metals Corp.,44.52,45.24,44.35,45.22,44.96,1.5495171794295928,0.33222195678711064,2541179.313,1926.4,0,0,0,0,0,0,0,0,0,0,0,0
1/20/2023,Franco-Nevada Corporation,145.47,147.57,144.12,147.13,146.25,0.29995228031903864,1.838457719,674745.9375,1926.4,0,0,0,0,0,0,0,0,0,0,0,0
1/20/2023,Gold Fields Limited,12.04,12.32,12.01,12.31,12.23,-2.994483846,0.2769734386440097,5726479.375,1926.4,0,0,0,0,0,0,0,0,0,0,0,0
1/20/2023,AngloGold Ashant,22.12,22.63,22.085,22.61,22.29,-2.459016393,0.5205697428230487,2956725.625,1926.4,0,0,0,0,0,0,0,0,0,0,0,0
1/20/2023,Kinross Gold Corporation,4.66,4.747,4.63,4.72,4.69,-0.421940928,0.069693205,17576592.31,1926.4,0,0,0,0,0,0,0,0,0,0,0,0
1/20/2023,Alamos Gold Inc.,147.83,151.44,146.66,11.18,10.99,1.6363636363636338,0.11135528725660056,4718568.063,1926.4,0,0,0,0,0,0,0,0,0,0,0,0
1/20/2023,Harmony Gold Mining Company Limited,3.74,3.84,3.73,3.84,3.78,-5.651105651,0.15113262860339322,3807030.625,1926.4,0,0,0,0,0,0,0,0,0,0,0,0
1/20/2023,Pan American Silver Corp.,18.485,18.485,19.15,19.08,18.59,1.4893617021276466,0.23807261797309534,3819103.563,1926.4,0,0,0,0,0,0,0,0,0,0,0,0
1/20/2023,Endeavour Mining plc,3.56,3.56,3.5899,3.57,3.56,-2.459016393,0.069487923,2331745.875,1926.4,0,0,0,0,0,0,0,0,0,0,0,0
1/20/2023,Osisko Gold Royalties Ltd,13.5,13.745,13.481,13.64,13.7,2.9433962264150986,0.2313276896525712,1357882.188,1926.4,0,0,0,0,0,0,0,0,0,0,0,0
1/20/2023,Eldorado Gold Corporation,8.85,9.17,8.8,9.16,8.96,1.439645625692146,0.11486016342866354,1792422.75,1926.4,0,0,0,0,0,0,0,0,0,0,0,0
1/20/2023,IAMGOLD Corporation,2.65,2.73,2.595,2.72,2.65,-1.805054152,0.054445254,7435487.375,1926.4,0,0,0,0,0,0,0,0,0,0,0,0
1/20/2023,"Coeur Mining, Inc.",4.01,4.18,3.862,4.17,4.03,9.736842105263161,0.11612031937360802,4983447.125,1926.4,0,0,0,0,0,0,0,0,0,0,0,0
1/20/2023,Equinox Gold Corp.,4.36,4.45,4.29,4.45,4.4,6.971153846153847,0.12816702272536862,2341342.75,1926.4,0,0,0,0,0,0,0,0,0,0,0,0
1/20/2023,Orla Mining Ltd.,3.98,4.03,3.92,4,3.99,-5.882352941,0.17602252290950832,152486.5625,1926.4,0,0,0,0,0,0,0,0,0,0,0,0
1/20/2023,Sandstorm Gold Ltd.,5.85,6.0855,5.81,6.05,5.89,3.4188034188034218,0.10457396562105876,2302199.75,1926.4,0,0,0,0,0,0,0,0,0,0,0,0
1/20/2023,Centerra Gold Inc.,5.95,6.2198,5.94,6.15,5.97,-0.162337662,0.1744173975594982,163107.0625,1926.4,0,0,0,0,0,0,0,0,0,0,0,0
1/20/2023,Seabridge Gold Inc.,13.64,13.7999,13.43,13.73,13.64,-2.485795455,0.2981101186762085,306606.8125,1926.4,0,0,0,0,0,0,0,0,0,0,0,0
1/20/2023,DRDGOLD Limited,8.34,8.53,8.32,8.53,8.39,-4.69273743,0.30251328188079174,307971.9375,1926.4,0,0,0,0,0,0,0,0,0,0,0,0
1/20/2023,Caledonia Mining Corporation Plc,14.32,14.49,14.22,14.49,14.36,-6.152849741,0.6733803319288252,51392.125,1926.4,0,0,0,0,0,0,0,0,0,0,0,0
1/20/2023,"Idaho Strategic Resources, Inc.",5.8,5.83,5.5,5.5,5.64,-4.679376083,0.051547482,6836.6875,1926.4,0,0,0,0,0,0,0,0,0,0,0,0
1/20/2023,"Contango Ore, Inc.",27.75,27.75,27.75,27.75,27.75,7.350096711798834,0.9196583216452889,2115.75,1926.4,0,0,0,0,0,0,0,0,0,0,0,0
1/21/2023,Newmont Corporation,52.06,53.46,51.93,53.34,53.34,-1.858325667,1.123787441772573,6659405.938,1926.4,0,0,0,0,0,0,0,0,0,0,0,0
1/21/2023,Agnico Eagle Mine,55.17,56.287,54.81,56.24,56.24,0.5183199285075945,0.7020124134026514,2797087.75,1926.4,0,0,0,0,0,0,0,0,0,0,0,0
1/21/2023,Barrick Gold Cor,18.61,18.98,18.52,18.97,18.97,-3.411405295,0.5246155054622683,17725743.81,1926.4,0,0,0,0,0,0,0,0,0,0,0,0
1/21/2023,Wheaton Precious Metals Corp.,44.52,45.24,44.35,45.22,45.22,1.5495171794295928,0.4055661827266419,2454756.125,1926.4,0,0,0,0,0,0,0,0,0,0,0,0
1/21/2023,Franco-Nevada Corporation,145.47,147.57,144.12,147.13,147.13,0.29995228031903864,1.8105282378355134,683818.3125,1926.4,0,0,0,0,0,0,0,0,0,0,0,0
1/21/2023,Gold Fields Limited,12.04,12.32,12.01,12.31,12.31,-2.994483846,0.2776141978666512,5480655.375,1926.4,0,0,0,0,0,0,0,0,0,0,0,0
1/21/2023,AngloGold Ashant,22.12,22.63,22.085,22.61,22.61,-2.459016393,0.5213564040078514,2883462.625,1926.4,0,0,0,0,0,0,0,0,0,0,0,0
1/21/2023,Kinross Gold Corporation,4.66,4.747,4.63,4.72,4.72,-0.421940928,0.069846771,16545218.56,1926.4,0,0,0,0,0,0,0,0,0,0,0,0
1/21/2023,Alamos Gold Inc.,147.83,151.44,146.66,11.18,11.18,1.6363636363636338,0.14132030488018568,4532963.688,1926.4,0,0,0,0,0,0,0,0,0,0,0,0
1/21/2023,Harmony Gold Mining Company Limited,3.74,3.84,3.73,3.84,3.84,-5.651105651,0.15362291495737135,3674672.188,1926.4,0,0,0,0,0,0,0,0,0,0,0,0
1/21/2023,Pan American Silver Corp.,18.485,18.485,19.15,19.08,19.08,1.4893617021276466,0.28532875775145944,3701976.375,1926.4,0,0,0,0,0,0,0,0,0,0,0,0
1/21/2023,Endeavour Mining plc,3.56,3.56,3.5899,3.57,3.57,-2.459016393,0.069487923,2269276,1926.4,0,0,0,0,0,0,0,0,0,0,0,0
1/21/2023,Osisko Gold Royalties Ltd,13.5,13.745,13.481,13.64,13.64,2.9433962264150986,0.25617725448267553,1350446.375,1926.4,0,0,0,0,0,0,0,0,0,0,0,0
1/21/2023,Eldorado Gold Corporation,8.85,9.17,8.8,9.16,9.16,1.439645625692146,0.13750324671492387,1797328.375,1926.4,0,0,0,0,0,0,0,0,0,0,0,0
1/21/2023,IAMGOLD Corporation,2.65,2.73,2.595,2.72,2.72,-1.805054152,0.05289815,7181923.875,1926.4,0,0,0,0,0,0,0,0,0,0,0,0
1/21/2023,"Coeur Mining, Inc.",4.01,4.18,3.862,4.17,4.17,9.736842105263161,0.17582458791160532,5038182.938,1926.4,0,0,0,0,0,0,0,0,0,0,0,0
1/21/2023,Equinox Gold Corp.,4.36,4.45,4.29,4.45,4.45,6.971153846153847,0.16039571600976507,2221574.75,1926.4,0,0,0,0,0,0,0,0,0,0,0,0
1/21/2023,Orla Mining Ltd.,3.98,4.03,3.92,4,4,-5.882352941,0.17088007490634993,144667.5,1926.4,0,0,0,0,0,0,0,0,0,0,0,0
1/21/2023,Sandstorm Gold Ltd.,5.85,6.0855,5.81,6.05,6.05,3.4188034188034218,0.1378145752192312,2261338.938,1926.4,0,0,0,0,0,0,0,0,0,0,0,0
1/21/2023,Centerra Gold Inc.,5.95,6.2198,5.94,6.15,6.15,-0.162337662,0.17942368055208496,159797.5,1926.4,0,0,0,0,0,0,0,0,0,0,0,0
1/21/2023,Seabridge Gold Inc.,13.64,13.7999,13.43,13.73,13.73,-2.485795455,0.29985710882733113,290163.4375,1926.4,0,0,0,0,0,0,0,0,0,0,0,0
1/21/2023,DRDGOLD Limited,8.34,8.53,8.32,8.53,8.53,-4.69273743,0.30592949701337846,299330.4375,1926.4,0,0,0,0,0,0,0,0,0,0,0,0
1/21/2023,Caledonia Mining Corporation Plc,14.32,14.49,14.22,14.49,14.49,-6.152849741,0.6800420155087081,51447,1926.4,0,0,0,0,0,0,0,0,0,0,0,0
1/21/2023,"Idaho Strategic Resources, Inc.",5.8,5.83,5.5,5.5,5.5,-4.679376083,0.095879389,7205.125,1926.4,0,0,0,0,0,0,0,0,0,0,0,0
1/21/2023,"Contango Ore, Inc.",27.75,27.75,27.75,27.75,27.75,7.350096711798834,0.9674820042623189,2117.75,1926.4,0,0,0,0,0,0,0,0,0,0,0,0
1/22/2023,Newmont Corporation,52.06,53.46,51.93,53.34,53.34,-1.858325667,1.056706473638067,6523243.438,1926.4,0,0,0,0,0,0,0,0,0,0,0,0
1/22/2023,Agnico Eagle Mine,55.17,56.287,54.81,56.24,56.24,0.5183199285075945,0.7317383900196567,2731947.688,1926.4,0,0,0,0,0,0,0,0,0,0,0,0
1/22/2023,Barrick Gold Cor,18.61,18.98,18.52,18.97,18.97,-3.411405295,0.49177339438868983,17638943.81,1926.4,0,0,0,0,0,0,0,0,0,0,0,0
1/22/2023,Wheaton Precious Metals Corp.,44.52,45.24,44.35,45.22,45.22,1.5495171794295928,0.4698860044126564,2468953.438,1926.4,0,0,0,0,0,0,0,0,0,0,0,0
1/22/2023,Franco-Nevada Corporation,145.47,147.57,144.12,147.13,147.13,0.29995228031903864,1.8494704840651923,705495.8125,1926.4,0,0,0,0,0,0,0,0,0,0,0,0
1/22/2023,Gold Fields Limited,12.04,12.32,12.01,12.31,12.31,-2.994483846,0.26046318632116294,5378045.25,1926.4,0,0,0,0,0,0,0,0,0,0,0,0
1/22/2023,AngloGold Ashant,22.12,22.63,22.085,22.61,22.61,-2.459016393,0.48714180980197225,2912233.75,1926.4,0,0,0,0,0,0,0,0,0,0,0,0
1/22/2023,Kinross Gold Corporation,4.66,4.747,4.63,4.72,4.72,-0.421940928,0.068243262,16119074.81,1926.4,0,0,0,0,0,0,0,0,0,0,0,0
1/22/2023,Alamos Gold Inc.,147.83,151.44,146.66,11.18,11.18,1.6363636363636338,0.16148861083237878,4506710.438,1926.4,0,0,0,0,0,0,0,0,0,0,0,0
1/22/2023,Harmony Gold Mining Company Limited,3.74,3.84,3.73,3.84,3.84,-5.651105651,0.14495689014324128,3664880.75,1926.4,0,0,0,0,0,0,0,0,0,0,0,0
1/22/2023,Pan American Silver Corp.,18.485,18.485,19.15,19.08,19.08,1.4893617021276466,0.3176672787681955,3657513.813,1926.4,0,0,0,0,0,0,0,0,0,0,0,0
1/22/2023,Endeavour Mining plc,3.56,3.56,3.5899,3.57,3.57,-2.459016393,0.065560768,2241071.375,1926.4,0,0,0,0,0,0,0,0,0,0,0,0
1/22/2023,Osisko Gold Royalties Ltd,13.5,13.745,13.481,13.64,13.64,2.9433962264150986,0.2824257171616658,1356324.688,1926.4,0,0,0,0,0,0,0,0,0,0,0,0
1/22/2023,Eldorado Gold Corporation,8.85,9.17,8.8,9.16,9.16,1.439645625692146,0.15216884419242882,1784609.188,1926.4,0,0,0,0,0,0,0,0,0,0,0,0
1/22/2023,IAMGOLD Corporation,2.65,2.73,2.595,2.72,2.72,-1.805054152,0.049856938,7112173.125,1926.4,0,0,0,0,0,0,0,0,0,0,0,0
1/22/2023,"Coeur Mining, Inc.",4.01,4.18,3.862,4.17,4.17,9.736842105263161,0.20928022908462793,5084333.563,1926.4,0,0,0,0,0,0,0,0,0,0,0,0
1/22/2023,Equinox Gold Corp.,4.36,4.45,4.29,4.45,4.45,6.971153846153847,0.1840031055638529,2200645,1926.4,0,0,0,0,0,0,0,0,0,0,0,0
1/22/2023,Orla Mining Ltd.,3.98,4.03,3.92,4,4,-5.882352941,0.16106232156706018,141493,1926.4,0,0,0,0,0,0,0,0,0,0,0,0
1/22/2023,Sandstorm Gold Ltd.,5.85,6.0855,5.81,6.05,6.05,3.4188034188034218,0.15899236279951107,2217073.563,1926.4,0,0,0,0,0,0,0,0,0,0,0,0
1/22/2023,Centerra Gold Inc.,5.95,6.2198,5.94,6.15,6.15,-0.162337662,0.1784806912325718,160519.5,1926.4,0,0,0,0,0,0,0,0,0,0,0,0
1/22/2023,Seabridge Gold Inc.,13.64,13.7999,13.43,13.73,13.73,-2.485795455,0.2814725310119724,286700.4375,1926.4,0,0,0,0,0,0,0,0,0,0,0,0
1/22/2023,DRDGOLD Limited,8.34,8.53,8.32,8.53,8.53,-4.69273743,0.28799801586618334,288351.75,1926.4,0,0,0,0,0,0,0,0,0,0,0,0
1/22/2023,Caledonia Mining Corporation Plc,14.32,14.49,14.22,14.49,14.49,-6.152849741,0.6390157051501737,51334.8125,1926.4,0,0,0,0,0,0,0,0,0,0,0,0
1/22/2023,"Idaho Strategic Resources, Inc.",5.8,5.83,5.5,5.5,5.5,-4.679376083,0.11612031937360862,7497.0625,1926.4,0,0,0,0,0,0,0,0,0,0,0,0
1/22/2023,"Contango Ore, Inc.",27.75,27.75,27.75,27.75,27.75,7.350096711798834,0.9472818256162554,2050.3125,1926.4,0,0,0,0,0,0,0,0,0,0,0,0
1/23/2023,Newmont Corporation,52.78,53.74,52.4,53.63,53.34,-1.32474701,0.9663988750584872,6362836.188,1927.1,1,0,1,0,0,0,0,1,0,0,0,0
1/23/2023,Agnico Eagle Mine,55.65,56.44,55.45,56.39,56.24,0.7864164432529002,0.7583252223532668,2676349.375,1927.1,0,0,0,0,0,0,0,0,0,0,0,0
1/23/2023,Barrick Gold Cor,18.72,19.27,18.65,19.23,18.97,-2.087576375,0.4386668114053916,17316493.19,1927.1,0,0,0,0,0,0,0,0,0,0,0,0
1/23/2023,Wheaton Precious Metals Corp.,44.54,45.46,44.46,45.39,45.22,1.9312822816079034,0.509998249,2399752.938,1927.1,0,0,0,0,0,0,0,0,0,0,0,0
1/23/2023,Franco-Nevada Corporation,145.89,146.13,143.25,145.81,147.13,-0.599904561,1.8857771228707345,691771.1875,1927.1,0,0,0,0,0,0,0,0,0,0,0,0
1/23/2023,Gold Fields Limited,12.11,12.3,12.005,12.22,12.31,-3.703703704,0.23120414603302156,5065934.375,1927.1,0,0,0,0,0,0,0,0,0,0,0,0
1/23/2023,AngloGold Ashant,22.35,22.73,21.97,22.56,22.61,-2.674719586,0.4372621802599815,2891946.938,1927.1,0,0,0,0,0,0,0,0,0,0,0,0
1/23/2023,Kinross Gold Corporation,4.69,4.745,4.64,4.74,4.72,0,0.066493824,15566660.38,1927.1,0,0,0,0,0,0,0,0,0,0,0,0
1/23/2023,Alamos Gold Inc.,150.35,153.76,149.5,11.18,11.18,1.6363636363636338,0.17614928733483834,4442254.75,1927.1,0,0,0,0,0,0,0,0,0,0,0,0
1/23/2023,Harmony Gold Mining Company Limited,3.78,3.83,3.695,3.82,3.84,-6.142506143,0.12859126831054266,3572741.188,1927.1,0,0,0,0,0,0,0,0,0,0,0,0
1/23/2023,Pan American Silver Corp.,18.72,18.72,18.89,18.8,19.08,0,0.3429467888754609,3640891.5,1927.1,0,0,0,0,0,0,0,0,0,0,0,0
1/23/2023,Endeavour Mining plc,3.51,3.51,3.52,3.5,3.57,-4.371584699,0.058979415,2159231.75,1927.1,0,0,0,0,0,0,0,0,0,0,0,0
1/23/2023,Osisko Gold Royalties Ltd,13.57,13.66,13.41,13.54,13.64,2.188679245283012,0.29743846902702104,1312409.688,1927.1,0,0,0,0,0,0,0,0,0,0,0,0
1/23/2023,Eldorado Gold Corporation,9.08,9.23,8.99,9.22,9.16,2.1040974529346763,0.16370705543745726,1794561.875,1927.1,0,0,0,0,0,0,0,0,0,0,0,0
1/23/2023,IAMGOLD Corporation,2.7,2.74,2.665,2.69,2.72,-2.888086643,0.045650066,7024204.875,1927.1,0,0,0,0,0,0,0,0,0,0,0,0
1/23/2023,"Coeur Mining, Inc.",4.09,4.18,4.02,4.15,4.17,9.210526315789489,0.227580441,5106093.688,1927.1,0,0,0,0,0,0,0,0,0,0,0,0
1/23/2023,Equinox Gold Corp.,4.38,4.49,4.32,4.49,4.45,7.932692307692308,0.1974434819674434,2159725.625,1927.1,0,0,0,0,0,0,0,0,0,0,0,0
1/23/2023,Orla Mining Ltd.,3.89,3.97,3.88,3.95,4,-7.058823529,0.14300349646074945,141542,1927.1,0,0,0,0,0,0,0,0,0,0,0,0
1/23/2023,Sandstorm Gold Ltd.,6.02,6.0497,5.94,5.98,6.05,2.2222222222222356,0.17359641207615475,2185695.688,1927.1,0,0,0,0,0,0,0,0,0,0,0,0
1/23/2023,Centerra Gold Inc.,6.12,6.2,6.0799,6.19,6.15,0.48701298701299106,0.17752263437174767,159016.625,1927.1,0,0,0,0,0,0,0,0,0,0,0,0
1/23/2023,Seabridge Gold Inc.,13.61,13.71,13.4115,13.69,13.73,-2.769886364,0.25330670286095014,278102.3125,1927.1,0,0,0,0,0,0,0,0,0,0,0,0
1/23/2023,DRDGOLD Limited,8.46,8.53,8.28,8.45,8.53,-5.586592179,0.25689074943029383,273707.875,1927.1,0,0,0,0,0,0,0,0,0,0,0,0
1/23/2023,Caledonia Mining Corporation Plc,14.51,15.8,14.51,15.62,14.49,1.1658031088082883,0.5674441445136771,50145.75,1927.1,0,0,0,0,0,0,0,0,0,0,0,0
1/23/2023,"Idaho Strategic Resources, Inc.",5.56,5.68,5.52,5.57,5.5,-3.466204506,0.12317235311314387,7495.6875,1927.1,0,0,0,0,0,0,0,0,0,0,0,0
1/23/2023,"Contango Ore, Inc.",26.77,26.83,26,26,27.75,0.580270793,0.8542456990150586,1804.8125,1927.1,0,0,0,0,0,0,0,0,0,0,0,0
1/24/2023,Newmont Corporation,51.12,55.1,51.12,53.39,53.63,1.7533828854583604,0.8669558812304247,6192237.625,1933.9,0,0,0,0,0,0,0,0,0,0,0,0
1/24/2023,Agnico Eagle Mine,55.99,57.37,55.73,57.32,56.39,5.020153902528403,0.7992853951231265,2648087.688,1933.9,0,0,0,0,0,0,0,0,0,0,0,0
1/24/2023,Barrick Gold Cor,19,19.5,18.9699,19.42,19.23,3.573333333333342,0.37290127,17650093.81,1933.9,0,0,0,0,0,0,0,0,0,0,0,0
1/24/2023,Wheaton Precious Metals Corp.,41.33,45.79,41.33,45.72,45.39,3.744043567052413,0.5533259824526431,2315797.875,1933.9,0,0,0,0,0,0,0,0,0,0,0,0
1/24/2023,Franco-Nevada Corporation,145.74,148.575,143.81,148.24,145.81,4.306220095693783,1.8557896855901055,664383.0625,1933.9,0,0,0,0,0,0,0,0,0,0,0,0
1/24/2023,Gold Fields Limited,12.01,12.22,11.85,12.18,12.22,0.24691358024690832,0.18593393604027889,4790958.125,1933.9,0,0,0,0,0,0,0,0,0,0,0,0
1/24/2023,AngloGold Ashant,22.35,22.35,21.5,21.99,22.56,-0.452693526,0.3637282148606469,2882393.813,1933.9,0,0,0,0,0,0,0,0,0,0,0,0
1/24/2023,Kinross Gold Corporation,4.72,4.82,4.5,4.82,4.74,4.555314533622559,0.066493824,15196227.19,1933.9,0,0,0,0,0,0,0,0,0,0,0,0
1/24/2023,Alamos Gold Inc.,151.76,154.29,151.29,11.37,11.18,5.669144981412634,0.18660500682304454,4309736.375,1933.9,0,0,0,0,0,0,0,0,0,0,0,0
1/24/2023,Harmony Gold Mining Company Limited,3.72,3.79,3.66,3.76,3.82,-1.570680628,0.10119817897853238,3492291.313,1933.9,0,0,0,0,0,0,0,0,0,0,0,0
1/24/2023,Pan American Silver Corp.,18.65,18.65,19.065,19.01,18.8,3.3713974986405706,0.3429467888754609,3612894.5,1933.9,0,0,0,0,0,0,0,0,0,0,0,0
1/24/2023,Endeavour Mining plc,3.51,3.51,3.65,3.63,3.5,2.2535211267605657,0.053917927,2101263.063,1933.9,0,0,0,0,0,0,0,0,0,0,0,0
1/24/2023,Osisko Gold Royalties Ltd,13.53,13.83,13.415,13.76,13.54,5.846153846153845,0.2954294694653302,1264035.563,1933.9,0,0,0,0,0,0,0,0,0,0,0,0
1/24/2023,Eldorado Gold Corporation,9.27,9.49,9.07,9.42,9.22,7.780320366,0.18074745601846207,1795340,1933.9,0,0,0,0,0,0,0,0,0,0,0,0
1/24/2023,IAMGOLD Corporation,2.68,2.84,2.645,2.82,2.69,4.05904059,0.039977672,6959136.25,1933.9,0,0,0,0,0,0,0,0,0,0,0,0
1/24/2023,"Coeur Mining, Inc.",4.15,4.27,4,4.1,4.15,12.328767123287664,0.2320675702093188,5010783.563,1933.9,0,0,0,0,0,0,0,0,0,0,0,0
1/24/2023,Equinox Gold Corp.,4.43,4.78,4.42,4.68,4.49,16.708229426433917,0.20748493921246344,2115129.625,1933.9,0,0,0,0,0,0,0,0,0,0,0,0
1/24/2023,Orla Mining Ltd.,3.91,4.02,3.9,4,3.95,2.8277634961439557,0.11426785574754754,145514.375,1933.9,0,0,0,0,0,0,0,0,0,0,0,0
1/24/2023,Sandstorm Gold Ltd.,6,6.13,5.8799,6.03,5.98,5.789473684210527,0.17671102318272489,2120083.188,1933.9,0,0,0,0,0,0,0,0,0,0,0,0
1/24/2023,Centerra Gold Inc.,6.25,6.25,6.0823,6.19,6.19,6.357388316151204,0.18082647562155765,160290.3125,1933.9,0,0,0,0,0,0,0,0,0,0,0,0
1/24/2023,Seabridge Gold Inc.,13.77,13.98,13.4766,13.88,13.69,2.511078286558358,0.21084439082616618,355336.625,1933.9,0,0,0,0,0,0,0,0,0,0,0,0
1/24/2023,DRDGOLD Limited,8.45,8.7197,8.36,8.6,8.45,1.2956419316843277,0.20812084401685044,261452.6875,1933.9,0,0,0,0,0,0,0,0,0,0,0,0
1/24/2023,Caledonia Mining Corporation Plc,15.44,15.74,14.75,15.74,15.62,13.237410071942445,0.6081823034960124,52986.1875,1933.9,0,0,0,0,0,0,0,0,0,0,0,0
1/24/2023,"Idaho Strategic Resources, Inc.",5.68,5.68,5.59,5.6,5.57,-2.43902439,0.1128842643722218,6899.5,1933.9,0,0,0,0,0,0,0,0,0,0,0,0
1/24/2023,"Contango Ore, Inc.",25.05,26.86,25.01,26.86,26,-2.539912917,0.8206780733028102,1795.8125,1933.9,0,0,0,0,0,0,0,0,0,0,0,0
1/25/2023,Newmont Corporation,53.05,55.41,52.95,55.09,53.39,6.908596933824961,0.7159895749440714,6009981.063,1941.2,0,0,0,0,0,0,0,0,0,0,0,0
1/25/2023,Agnico Eagle Mine,56.94,58.075,56.71,57.91,57.32,6.510943535037704,0.9875429466248873,2624702.438,1941.2,0,0,0,0,0,0,0,0,0,0,0,0
1/25/2023,Barrick Gold Cor,19.26,19.83,19.22,19.79,19.42,7.671381936887924,0.3193268589660832,17482812.56,1941.2,0,0,0,0,0,0,0,0,0,0,0,0
1/25/2023,Wheaton Precious Metals Corp.,45.51,46.53,45.415,46.46,45.72,5.590909090909093,0.6184311949256659,2201770.25,1941.2,0,0,0,0,0,0,0,0,0,0,0,0
1/25/2023,Franco-Nevada Corporation,147.33,150.98,147.33,150.92,148.24,5.002435121408195,2.039879198103881,630950,1941.2,0,0,0,0,0,0,0,0,0,0,0,0
1/25/2023,Gold Fields Limited,12.03,12.43,12.01,12.39,12.18,2.736318407960199,0.089831191,4543683.438,1941.2,0,0,0,0,0,0,0,0,0,0,0,0
1/25/2023,AngloGold Ashant,21.76,22.01,21.645,21.92,21.99,-0.54446461,0.2787215712601257,2863283.313,1941.2,0,0,0,0,0,0,0,0,0,0,0,0
1/25/2023,Kinross Gold Corporation,4.78,4.89,4.76,4.88,4.82,7.0175438596491295,0.080133817,14924535.88,1941.2,0,0,0,0,0,0,0,0,0,0,0,0
1/25/2023,Alamos Gold Inc.,151.4,152.84,149.69,11.59,11.37,7.813953488372091,0.22141993070698343,4222498.5,1941.2,0,0,0,0,0,0,0,0,0,0,0,0
1/25/2023,Harmony Gold Mining Company Limited,3.68,3.8,3.68,3.78,3.76,1.612903225806441,0.044641429,3422211,1941.2,0,0,0,0,0,0,0,0,0,0,0,0
1/25/2023,Pan American Silver Corp.,18.78,18.78,19.22,19.14,19.01,5.338470006,0.3552463933666177,3513283.438,1941.2,0,0,0,0,0,0,0,0,0,0,0,0
1/25/2023,Endeavour Mining plc,3.56,3.56,3.79,3.79,3.63,8.908045977011495,0.046271713,2046569.25,1941.2,0,0,0,0,0,0,0,0,0,0,0,0
1/25/2023,Osisko Gold Royalties Ltd,13.72,14.025,13.68,13.94,13.76,7.148347425057645,0.3064747717419503,1200700.5,1941.2,0,0,0,0,0,0,0,0,0,0,0,0
1/25/2023,Eldorado Gold Corporation,9.26,9.645,9.24,9.62,9.42,9.318181818,0.22764320453602852,1815654.25,1941.2,0,0,0,0,0,0,0,0,0,0,0,0
1/25/2023,IAMGOLD Corporation,2.76,2.89,2.76,2.87,2.82,8.301886792452837,0.053452248,6814855.75,1941.2,0,0,0,0,0,0,0,0,0,0,0,0
1/25/2023,"Coeur Mining, Inc.",4.06,4.23,4,4.2,4.1,14.441416893732978,0.22360280473579533,4928150.125,1941.2,0,0,0,0,0,0,0,0,0,0,0,0
1/25/2023,Equinox Gold Corp.,4.66,4.86,4.54,4.86,4.68,21.197007481296772,0.23596307217141232,2160141.188,1941.2,0,0,0,0,0,1,0,1,0,0,0,0
1/25/2023,Orla Mining Ltd.,3.95,4.17,3.95,4.14,4,6.7010309278350455,0.051530158,148784,1941.2,0,0,0,0,0,0,0,0,0,0,0,0
1/25/2023,Sandstorm Gold Ltd.,5.98,6.21,5.96,6.2,6.03,11.111111111111112,0.18173273154356503,2096291.375,1941.2,0,0,0,0,0,0,0,0,0,0,0,0
1/25/2023,Centerra Gold Inc.,6.07,6.51,6.07,6.5,6.19,13.63636363636364,0.18398369492973965,162801.0625,1941.2,0,0,0,0,0,0,0,0,0,0,0,0
1/25/2023,Seabridge Gold Inc.,13.68,14.17,13.57,14.04,13.88,5.326331582895717,0.16374522893812823,350569.1875,1941.2,0,0,0,0,0,0,0,0,0,0,0,0
1/25/2023,DRDGOLD Limited,8.45,8.68,8.42,8.61,8.6,4.8721071863580825,0.12094124901904187,250126.4375,1941.2,0,0,0,0,0,0,0,0,0,0,0,0
1/25/2023,Caledonia Mining Corporation Plc,15.75,15.8,14.01,14.54,15.74,3.1937544357700443,0.6725165956529052,54957.3125,1941.2,0,0,0,0,0,0,0,0,0,0,0,0
1/25/2023,"Idaho Strategic Resources, Inc.",5.61,5.69,5.61,5.65,5.6,-0.877192982,0.093950975,6396.75,1941.2,0,0,0,0,0,1,0,0,0,0,0,0
1/25/2023,"Contango Ore, Inc.",26.86,26.86,26.86,26.86,26.86,-2.539912917,0.6309573225323225,1596.3125,1941.2,0,0,0,0,0,0,0,0,0,0,0,0
1/26/2023,Newmont Corporation,54.88,54.88,53.57,54.13,55.09,3.163712597674869,1.0098505900804027,5915729.063,1929.1,1,1,0,0,0,0,0,1,0,0,0,0
1/26/2023,Agnico Eagle Mine,57.8,57.84,56.68,57.1,57.91,2.8643487659881166,1.0688010639430117,2597449.063,1929.1,0,0,0,0,0,0,0,0,0,0,0,0
1/26/2023,Barrick Gold Cor,19.68,19.73,19.4,19.69,19.79,5.181623931623945,0.42988162822539433,17554962,1929.1,0,0,0,0,0,0,0,0,0,0,0,0
1/26/2023,Wheaton Precious Metals Corp.,46.28,46.42,45.6423,45.97,46.46,2.2464412811387855,0.6917253274035006,2268944.688,1929.1,0,0,0,0,0,0,0,0,0,0,0,0
1/26/2023,Franco-Nevada Corporation,150.62,150.91,147.54,147.9,150.92,1.1282051282051322,2.0567571563020914,620805.0625,1929.1,0,0,0,0,0,0,0,0,0,0,0,0
1/26/2023,Gold Fields Limited,12.38,12.39,12.025,12.27,12.39,0.3270645952575564,0.1019015631451781,4475396.938,1929.1,0,0,0,0,0,0,0,0,0,0,0,0
1/26/2023,AngloGold Ashant,21.98,22.055,21.555,21.84,21.92,-2.01884253,0.3064747717419571,2858532.5,1929.1,0,0,0,0,0,0,0,0,0,0,0,0
1/26/2023,Kinross Gold Corporation,4.86,4.9,4.77,4.85,4.88,3.411513859275037,0.093722615,14846381.5,1929.1,0,0,0,0,0,0,0,0,0,0,0,0
1/26/2023,Alamos Gold Inc.,153.2,154.21,151.07,11.45,11.59,4.185623294,0.2464461691439193,4251649.063,1929.1,0,0,0,0,0,0,0,0,0,0,0,0
1/26/2023,Harmony Gold Mining Company Limited,3.83,3.85,3.715,3.75,3.78,-0.793650794,0.044641429,3268162.813,1929.1,0,0,0,0,0,0,0,0,0,0,0,0
1/26/2023,Pan American Silver Corp.,19.16,19.16,19.22,18.8,19.14,1.1296395911780575,0.3376573707176976,3592994.813,1929.1,0,0,0,0,0,0,0,0,0,0,0,0
1/26/2023,Endeavour Mining plc,3.83,3.83,3.8897,3.72,3.79,4.494382022471914,0.095309646,2075363.813,1929.1,0,0,0,0,0,0,0,0,0,0,0,0
1/26/2023,Osisko Gold Royalties Ltd,13.87,13.95,13.65,13.74,13.94,0.2919708029197148,0.26914879050177043,1163989.125,1929.1,0,0,0,0,0,0,0,0,0,0,0,0
1/26/2023,Eldorado Gold Corporation,9.62,9.64,9.45,9.63,9.62,7.477678571428569,0.2525159118041677,1833278.25,1929.1,0,0,0,0,0,0,0,0,0,0,0,0
1/26/2023,IAMGOLD Corporation,2.87,2.91,2.81,2.89,2.87,9.056603773584913,0.077827648,6614983.188,1929.1,0,0,0,0,0,0,0,0,0,0,0,0
1/26/2023,"Coeur Mining, Inc.",4.22,4.24,4.08,4.12,4.2,2.233250620347391,0.1750714140001157,4934552.813,1929.1,0,0,0,0,0,0,0,0,0,0,0,0
1/26/2023,Equinox Gold Corp.,4.87,4.9,4.63,4.77,4.86,8.409090909,0.24324810966817945,2198820.125,1929.1,0,0,0,0,0,0,0,0,0,0,0,0
1/26/2023,Orla Mining Ltd.,4.1,4.16,4.07,4.12,4.14,3.2581453634085182,0.072111026,144849.1875,1929.1,0,0,0,0,0,0,0,0,0,0,0,0
1/26/2023,Sandstorm Gold Ltd.,6.2,6.215,5.98,6.01,6.2,2.037351443123941,0.1827126940620933,2007054.813,1929.1,0,0,0,0,0,0,0,0,0,0,0,0
1/26/2023,Centerra Gold Inc.,6.6,6.645,6.48,6.62,6.5,10.887772194304864,0.22004869590940096,164731.5,1929.1,0,0,0,0,0,0,0,0,0,0,0,0
1/26/2023,Seabridge Gold Inc.,14.09,14.09,13.55,13.8,14.04,1.1730205278592385,0.202726945,350289.6875,1929.1,0,0,0,0,0,0,0,0,0,0,0,0
1/26/2023,DRDGOLD Limited,8.62,8.62,8.22,8.36,8.61,-0.357568534,0.13130526047562502,252026.5,1929.1,0,0,0,0,0,0,0,0,0,0,0,0
1/26/2023,Caledonia Mining Corporation Plc,14.59,14.88,14.2,14.43,14.54,0.48746518105849784,0.6056342602122665,60388,1929.1,0,0,0,0,0,0,0,0,0,0,0,0
1/26/2023,"Idaho Strategic Resources, Inc.",5.88,5.88,5.61,5.61,5.65,-0.531914894,0.077965194,6471.8125,1929.1,0,0,0,0,0,0,0,0,0,0,0,0
1/26/2023,"Contango Ore, Inc.",25.87,26.46,24.31,24.5,26.86,-11.71171171,0.6495053062578908,1446.6875,1929.1,0,0,0,0,0,0,0,0,0,0,0,0
1/27/2023,Newmont Corporation,54.06,54.06,53.22,53.32,54.13,-0.037495313,0.7582957866162946,6009560.75,1928.6,0,0,0,0,0,0,0,0,0,0,0,0
1/27/2023,Agnico Eagle Mine,56.81,57.16,56.32,56.87,57.1,1.120199146514928,0.7655705155540667,2557543.875,1928.6,0,0,0,0,0,0,0,0,0,0,0,0
1/27/2023,Barrick Gold Cor,19.57,19.765,19.4,19.67,19.69,3.690036900369019,0.38236108588610646,18006035.13,1928.6,0,0,0,0,0,0,0,0,0,0,0,0
1/27/2023,Wheaton Precious Metals Corp.,45.54,45.84,45.0499,45.66,45.97,0.9730207872622684,0.49664589282223776,2263373.313,1928.6,0,0,0,0,0,0,0,0,0,0,0,0
1/27/2023,Franco-Nevada Corporation,146.96,147.59,145.55,146.87,147.9,-0.17671447,1.5675635097637226,609628.5625,1928.6,0,0,0,0,0,0,0,0,0,0,0,0
1/27/2023,Gold Fields Limited,11.95,12.035,11.77,11.8,12.27,-4.142973193,0.066493824,4522875.563,1928.6,0,0,0,0,0,0,0,0,0,0,0,0
1/27/2023,AngloGold Ashant,21.4,21.45,20.87,21.02,21.84,-7.032286599,0.3397451776174092,2861612.125,1928.6,0,0,0,0,0,0,0,0,0,0,0,0
1/27/2023,Kinross Gold Corporation,4.81,4.82,4.72,4.79,4.85,1.4830508474576332,0.071464277,13785079,1928.6,0,0,0,0,0,0,0,0,0,0,0,0
1/27/2023,Alamos Gold Inc.,153.57,155.34,153.3,11.31,11.45,1.1627906976744258,0.19101234066340536,4322106.313,1928.6,0,0,0,0,0,0,0,0,0,0,0,0
1/27/2023,Harmony Gold Mining Company Limited,3.68,3.69,3.59,3.59,3.75,-6.510416667,0.037961447,3249793.938,1928.6,0,0,0,0,0,0,0,0,0,0,0,0
1/27/2023,Pan American Silver Corp.,18.46,18.46,18.64,18.58,18.8,-2.620545073,0.19455076458340656,3644298.125,1928.6,0,0,0,0,0,0,0,0,0,0,0,0
1/27/2023,Endeavour Mining plc,3.68,3.68,3.68,3.53,3.72,-1.120448179,0.095758252,2009567.125,1928.6,0,0,0,0,0,0,0,0,0,0,0,0
1/27/2023,Osisko Gold Royalties Ltd,13.64,13.66,13.49,13.53,13.74,-0.806451613,0.11904380946283098,1112577.625,1928.6,0,0,0,0,0,0,0,0,0,0,0,0
1/27/2023,Eldorado Gold Corporation,9.57,9.58,9.4,9.48,9.63,3.493449781659392,0.24079852277668592,1803283.5,1928.6,0,0,0,0,0,0,0,0,0,0,0,0
1/27/2023,IAMGOLD Corporation,2.88,2.91,2.81,2.82,2.89,3.676470588235281,0.088155706,6448205.188,1928.6,0,0,0,0,0,0,0,0,0,0,0,0
1/27/2023,"Coeur Mining, Inc.",4.08,4.1,3.94,3.96,4.12,-5.035971223,0.054099776,4913059.938,1928.6,0,0,0,0,0,0,0,0,0,0,0,0
1/27/2023,Equinox Gold Corp.,4.77,4.77,4.52,4.55,4.77,2.2471910112359472,0.17512750457064882,2150885.625,1928.6,0,0,0,0,0,0,0,0,0,0,0,0
1/27/2023,Orla Mining Ltd.,4.07,4.09,3.98,4.02,4.12,0.49999999999998934,0.067188434,148653.9375,1928.6,0,0,0,0,0,0,0,0,0,0,0,0
1/27/2023,Sandstorm Gold Ltd.,5.96,5.97,5.81,5.87,6.01,-2.975206612,0.08664377,2061818.563,1928.6,0,0,0,0,0,0,0,0,0,0,0,0
1/27/2023,Centerra Gold Inc.,6.64,6.71,6.56,6.6,6.62,7.317073170731696,0.2118624890954358,166984.9375,1928.6,0,0,0,0,0,0,0,0,0,0,0,0
1/27/2023,Seabridge Gold Inc.,13.7,13.82,13.49,13.53,13.8,-1.456664239,0.1271669319101026,353444.9375,1928.6,0,0,0,0,0,0,0,0,0,0,0,0
1/27/2023,DRDGOLD Limited,8.33,8.38,8.12,8.12,8.36,-4.806565064,0.091807252,239218,1928.6,0,0,0,0,0,0,0,0,0,0,0,0
1/27/2023,Caledonia Mining Corporation Plc,14.28,14.28,12.92,13.19,14.43,-8.971704624,0.5650790083822687,60725.1875,1928.6,0,0,0,0,0,0,0,0,0,0,0,0
1/27/2023,"Idaho Strategic Resources, Inc.",5.66,5.66,5.51,5.58,5.61,1.4545454545454557,0.063793752,6385.375,1928.6,0,0,0,0,0,0,0,0,0,0,0,0
1/27/2023,"Contango Ore, Inc.",24.5,24.5,24.5,24.5,24.5,-11.71171171,1.1627031312543121,1184.1875,1928.6,0,0,0,0,0,0,0,0,0,0,0,0
1/28/2023,Newmont Corporation,54.06,54.06,53.22,53.32,53.32,-0.037495313,0.6269142114926511,5982400.25,1928.6,0,0,0,0,0,0,0,0,0,0,0,0
1/28/2023,Agnico Eagle Mine,56.81,57.16,56.32,56.87,56.87,1.120199146514928,0.6216668262479111,2480284.625,1928.6,0,0,0,0,0,0,0,0,0,0,0,0
1/28/2023,Barrick Gold Cor,19.57,19.765,19.4,19.67,19.67,3.690036900369019,0.35113845458126164,18335174.44,1928.6,0,0,0,0,0,0,0,0,0,0,0,0
1/28/2023,Wheaton Precious Metals Corp.,45.54,45.84,45.0499,45.66,45.66,0.9730207872622684,0.44261398854667783,2257118.75,1928.6,0,0,0,0,0,0,0,0,0,0,0,0
1/28/2023,Franco-Nevada Corporation,146.96,147.59,145.55,146.87,146.87,-0.17671447,1.5075091802610472,590494,1928.6,0,0,0,0,0,0,0,0,0,0,0,0
1/28/2023,Gold Fields Limited,11.95,12.035,11.77,11.8,11.8,-4.142973193,0.18267359649698997,4541439.688,1928.6,0,0,0,0,0,0,0,0,0,0,0,0
1/28/2023,AngloGold Ashant,21.4,21.45,20.87,21.02,21.02,-7.032286599,0.5674756130694713,2947838.25,1928.6,0,0,0,0,0,0,0,0,0,0,0,0
1/28/2023,Kinross Gold Corporation,4.81,4.82,4.72,4.79,4.79,1.4830508474576332,0.06436503,13642130.25,1928.6,0,0,0,0,0,0,0,0,0,0,0,0
1/28/2023,Alamos Gold Inc.,153.57,155.34,153.3,11.31,11.31,1.1627906976744258,0.15537971921346583,4391536.813,1928.6,0,0,0,0,0,0,0,0,0,0,0,0
1/28/2023,Harmony Gold Mining Company Limited,3.68,3.69,3.59,3.59,3.59,-6.510416667,0.084303872,3238430.625,1928.6,0,0,0,0,0,0,0,0,0,0,0,0
1/28/2023,Pan American Silver Corp.,18.46,18.46,18.64,18.58,18.58,-2.620545073,0.19719008233533683,3606616.875,1928.6,0,0,0,0,0,0,0,0,0,0,0,0
1/28/2023,Endeavour Mining plc,3.68,3.68,3.68,3.53,3.53,-1.120448179,0.098705912,2010581.688,1928.6,0,0,0,0,0,0,0,0,0,0,0,0
1/28/2023,Osisko Gold Royalties Ltd,13.64,13.66,13.49,13.53,13.53,-0.806451613,0.1333563968147868,1065951.25,1928.6,0,0,0,0,0,0,0,0,0,0,0,0
1/28/2023,Eldorado Gold Corporation,9.57,9.58,9.4,9.48,9.48,3.493449781659392,0.206324121,1737656.75,1928.6,0,0,0,0,0,0,0,0,0,0,0,0
1/28/2023,IAMGOLD Corporation,2.88,2.91,2.81,2.82,2.82,3.676470588235281,0.07772433,6518108.313,1928.6,0,0,0,0,0,0,0,0,0,0,0,0
1/28/2023,"Coeur Mining, Inc.",4.08,4.1,3.94,3.96,3.96,-5.035971223,0.075592895,4633776.563,1928.6,0,0,0,0,0,0,0,0,0,0,0,0
1/28/2023,Equinox Gold Corp.,4.77,4.77,4.52,4.55,4.55,2.2471910112359472,0.16201851746019588,2099426.688,1928.6,0,0,0,0,0,0,0,0,0,0,0,0
1/28/2023,Orla Mining Ltd.,4.07,4.09,3.98,4.02,4.02,0.49999999999998934,0.065778307,154280.875,1928.6,0,0,0,0,0,0,0,0,0,0,0,0
1/28/2023,Sandstorm Gold Ltd.,5.96,5.97,5.81,5.87,5.87,-2.975206612,0.091495511,2068022.625,1928.6,0,0,0,0,0,0,0,0,0,0,0,0
1/28/2023,Centerra Gold Inc.,6.64,6.71,6.56,6.6,6.6,7.317073170731696,0.2142386853154995,166494.25,1928.6,0,0,0,0,0,0,0,0,0,0,0,0
1/28/2023,Seabridge Gold Inc.,13.7,13.82,13.49,13.53,13.53,-1.456664239,0.14860662357858992,356332.625,1928.6,0,0,0,0,0,0,0,0,0,0,0,0
1/28/2023,DRDGOLD Limited,8.33,8.38,8.12,8.12,8.12,-4.806565064,0.161328193,236256.75,1928.6,0,0,0,0,0,0,0,0,0,0,0,0
1/28/2023,Caledonia Mining Corporation Plc,14.28,14.28,12.92,13.19,13.19,-8.971704624,0.7921388316270266,70124.5625,1928.6,0,0,0,0,0,0,0,0,0,0,0,0
1/28/2023,"Idaho Strategic Resources, Inc.",5.66,5.66,5.51,5.58,5.58,1.4545454545454557,0.057802001942598054,6356.125,1928.6,0,0,0,0,0,0,0,0,0,0,0,0
1/28/2023,"Contango Ore, Inc.",24.5,24.5,24.5,24.5,24.5,-11.71171171,1.3730356097764882,1175.3125,1928.6,0,0,0,0,0,0,0,0,0,0,0,0
1/29/2023,Newmont Corporation,54.06,54.06,53.22,53.32,53.32,-0.037495313,0.6285811687557221,5955809.25,1928.6,0,0,0,0,0,0,0,0,0,0,0,0
1/29/2023,Agnico Eagle Mine,56.81,57.16,56.32,56.87,56.87,1.120199146514928,0.5807814932116483,2429016.813,1928.6,0,0,0,0,0,0,0,0,0,0,0,0
1/29/2023,Barrick Gold Cor,19.57,19.765,19.4,19.67,19.67,3.690036900369019,0.3328636572017384,18697436.25,1928.6,0,0,0,0,0,0,0,0,0,0,0,0
1/29/2023,Wheaton Precious Metals Corp.,45.54,45.84,45.0499,45.66,45.66,0.9730207872622684,0.41399620426148065,2220088.625,1928.6,0,0,0,0,0,0,0,0,0,0,0,0
1/29/2023,Franco-Nevada Corporation,146.96,147.59,145.55,146.87,146.87,-0.17671447,1.5228304239145936,565192.125,1928.6,0,0,0,0,0,0,0,0,0,0,0,0
1/29/2023,Gold Fields Limited,11.95,12.035,11.77,11.8,11.8,-4.142973193,0.230898865,4619520,1928.6,0,0,0,0,0,0,0,0,0,0,0,0
1/29/2023,AngloGold Ashant,21.4,21.45,20.87,21.02,21.02,-7.032286599,0.6532979521517857,3006879.563,1928.6,0,0,0,0,0,0,0,0,0,0,0,0
1/29/2023,Kinross Gold Corporation,4.81,4.82,4.72,4.79,4.79,1.4830508474576332,0.059626816,13249024,1928.6,0,0,0,0,0,0,0,0,0,0,0,0
1/29/2023,Alamos Gold Inc.,153.57,155.34,153.3,11.31,11.31,1.1627906976744258,0.14701190427988542,4374692.688,1928.6,0,0,0,0,0,0,0,0,0,0,0,0
1/29/2023,Harmony Gold Mining Company Limited,3.68,3.69,3.59,3.59,3.59,-6.510416667,0.1022514407862143,3211943.438,1928.6,0,0,0,0,0,0,0,0,0,0,0,0
1/29/2023,Pan American Silver Corp.,18.46,18.46,18.64,18.58,18.58,-2.620545073,0.2258910925961341,3619526.188,1928.6,0,0,0,0,0,0,0,0,0,0,0,0
1/29/2023,Endeavour Mining plc,3.68,3.68,3.68,3.53,3.53,-1.120448179,0.10198039027185503,1989872.688,1928.6,0,0,0,0,0,0,0,0,0,0,0,0
1/29/2023,Osisko Gold Royalties Ltd,13.64,13.66,13.49,13.53,13.53,-0.806451613,0.14322808982277216,1004750.563,1928.6,0,0,0,0,0,0,0,0,0,0,0,0
1/29/2023,Eldorado Gold Corporation,9.57,9.58,9.4,9.48,9.48,3.493449781659392,0.19346003647857707,1635456.313,1928.6,0,0,0,0,0,0,0,0,0,0,0,0
1/29/2023,IAMGOLD Corporation,2.88,2.91,2.81,2.82,2.82,3.676470588235281,0.074438373,6436147.5,1928.6,0,0,0,0,0,0,0,0,0,0,0,0
1/29/2023,"Coeur Mining, Inc.",4.08,4.1,3.94,3.96,3.96,-5.035971223,0.093950975,4528589.313,1928.6,0,0,0,0,0,0,0,0,0,0,0,0
1/29/2023,Equinox Gold Corp.,4.77,4.77,4.52,4.55,4.55,2.2471910112359472,0.1535298947157471,2082955.625,1928.6,0,0,0,0,0,0,0,0,0,0,0,0
1/29/2023,Orla Mining Ltd.,4.07,4.09,3.98,4.02,4.02,0.49999999999998934,0.064903775,160466.3125,1928.6,0,0,0,0,0,0,0,0,0,0,0,0
1/29/2023,Sandstorm Gold Ltd.,5.96,5.97,5.81,5.87,5.87,-2.975206612,0.10673732778581511,2090589.625,1928.6,0,0,0,0,0,0,0,0,0,0,0,0
1/29/2023,Centerra Gold Inc.,6.64,6.71,6.56,6.6,6.6,7.317073170731696,0.22251805705219763,167067.25,1928.6,0,0,0,0,0,0,0,0,0,0,0,0
1/29/2023,Seabridge Gold Inc.,13.7,13.82,13.49,13.53,13.53,-1.456664239,0.17074939866030944,357151.375,1928.6,0,0,0,0,0,0,0,0,0,0,0,0
1/29/2023,DRDGOLD Limited,8.33,8.38,8.12,8.12,8.12,-4.806565064,0.1989256860524262,233125.875,1928.6,0,0,0,0,0,0,0,0,0,0,0,0
1/29/2023,Caledonia Mining Corporation Plc,14.28,14.28,12.92,13.19,13.19,-8.971704624,0.9425563643623665,79612.8125,1928.6,0,0,0,0,0,0,0,0,0,0,0,0
1/29/2023,"Idaho Strategic Resources, Inc.",5.66,5.66,5.51,5.58,5.58,1.4545454545454557,0.051806646,6385.9375,1928.6,0,0,0,0,0,0,0,0,0,0,0,0
1/29/2023,"Contango Ore, Inc.",24.5,24.5,24.5,24.5,24.5,-11.71171171,1.428755702,1152.8125,1928.6,0,0,0,0,0,0,0,0,0,0,0,0
1/30/2023,Newmont Corporation,53.17,53.6,52.66,52.74,53.32,-1.659518926,0.6302323834450921,5902239.938,1922.9,0,0,0,0,0,0,0,0,0,0,0,0
1/30/2023,Agnico Eagle Mine,56.66,57.14,55.92,55.98,56.87,-0.727079269,0.5234210951587199,2373288.5,1922.9,0,0,0,0,0,0,0,0,0,0,0,0
1/30/2023,Barrick Gold Cor,19.6,19.75,19.4,19.48,19.67,1.3000520020800832,0.2842502669932181,18886260.56,1922.9,0,0,0,0,0,0,0,0,0,0,0,0
1/30/2023,Wheaton Precious Metals Corp.,45.66,45.73,45.13,45.14,45.66,-0.550782111,0.37411801041161147,2192846.375,1922.9,0,0,0,0,0,0,0,0,0,0,0,0
1/30/2023,Franco-Nevada Corporation,146.6,146.6,144.44,145,146.87,-0.555517454,1.5372139687480666,545888.875,1922.9,0,0,0,0,0,0,0,0,0,0,0,0
1/30/2023,Gold Fields Limited,11.75,11.82,11.62,11.62,11.8,-4.909983633,0.2529222071253246,4611224.875,1922.9,0,0,0,0,0,0,0,0,0,0,0,0
1/30/2023,AngloGold Ashant,21.3,21.53,21.11,21.12,21.02,-6.382978723,0.6642880184291865,3055362.063,1922.9,0,0,0,0,0,0,0,0,0,0,0,0
1/30/2023,Kinross Gold Corporation,4.73,4.77,4.63,4.63,4.79,-2.320675105,0.052847489,12886454.56,1922.9,0,0,0,0,0,0,0,0,0,0,0,0
1/30/2023,Alamos Gold Inc.,153.31,155.7,151.72,11.02,11.31,-1.431127013,0.1359359092681895,4127884.375,1922.9,0,0,0,0,0,0,0,0,0,0,0,0
1/30/2023,Harmony Gold Mining Company Limited,3.59,3.61,3.51,3.52,3.59,-7.853403141,0.10757057484009316,3187770.688,1922.9,0,0,0,0,0,0,0,0,0,0,0,0
1/30/2023,Pan American Silver Corp.,18.44,18.44,18.62,18.13,18.58,-3.563829787,0.23289712627802434,3613889.188,1922.9,0,0,0,0,0,0,0,0,0,0,0,0
1/30/2023,Endeavour Mining plc,3.54,3.54,3.58,3.44,3.53,-1.714285714,0.10488088481701448,1980229.563,1922.9,0,0,0,0,0,0,0,0,0,0,0,0
1/30/2023,Osisko Gold Royalties Ltd,13.47,13.72,13.37,13.37,13.53,-1.255539143,0.1510380746699137,908063.125,1922.9,0,0,0,0,0,0,0,0,0,0,0,0
1/30/2023,Eldorado Gold Corporation,9.42,9.63,9.35,9.45,9.48,2.494577006507577,0.1691945203435758,1594728.313,1922.9,0,0,0,0,0,0,0,0,0,0,0,0
1/30/2023,IAMGOLD Corporation,2.82,2.865,2.78,2.83,2.82,5.204460966542756,0.068439233,6292729.625,1922.9,0,0,0,0,0,0,0,0,0,0,0,0
1/30/2023,"Coeur Mining, Inc.",3.95,4.005,3.89,3.9,3.96,-6.024096386,0.10180513599168589,4420727.125,1922.9,0,0,0,0,0,0,0,0,0,0,0,0
1/30/2023,Equinox Gold Corp.,4.55,4.59,4.49,4.53,4.55,0.8908685968819607,0.14330287605527717,2055011.875,1922.9,0,0,0,0,0,0,0,0,0,0,0,0
1/30/2023,Orla Mining Ltd.,4.04,4.15,3.96,4.15,4.02,5.063291139,0.063905622,165849.125,1922.9,0,0,0,0,0,0,0,0,0,0,0,0
1/30/2023,Sandstorm Gold Ltd.,5.86,5.88,5.76,5.77,5.87,-3.511705686,0.11513966674062553,2104132.563,1922.9,0,0,0,0,0,0,0,0,0,0,0,0
1/30/2023,Centerra Gold Inc.,6.55,6.588,6.31,6.32,6.6,2.100161550888528,0.2142386853154995,163116.625,1922.9,0,0,0,0,0,0,0,0,0,0,0,0
1/30/2023,Seabridge Gold Inc.,13.39,13.52,13.14,13.15,13.53,-3.944485026,0.18654279478370211,348774.75,1922.9,0,0,0,0,0,0,0,0,0,0,0,0
1/30/2023,DRDGOLD Limited,8.06,8.06,7.9,7.9,8.12,-6.50887574,0.2170541407114812,221901.5625,1922.9,0,0,0,0,0,0,0,0,0,0,0,0
1/30/2023,Caledonia Mining Corporation Plc,13.25,13.71,13.25,13.41,13.19,-14.14852753,1.0435439274757106,87657.375,1922.9,0,0,0,0,0,0,0,0,0,0,0,0
1/30/2023,"Idaho Strategic Resources, Inc.",5.6,5.6,5.51,5.52,5.58,-0.897666068,0.042405356804475824,6234.8125,1922.9,0,0,0,0,0,0,0,0,0,0,0,0
1/30/2023,"Contango Ore, Inc.",24.5,24.5,24.5,24.5,24.5,-5.769230769,1.3491578060828489,1144.25,1922.9,0,0,0,0,0,0,0,0,0,0,0,0
1/31/2023,Newmont Corporation,52.48,52.93,52.19,52.93,52.74,-0.861584566,0.7089579878747782,5779953.25,1929.5,0,0,0,0,0,0,0,0,0,0,0,0
1/31/2023,Agnico Eagle Mine,55.75,56.49,55.57,56.48,55.98,-1.465457083,0.5786915660102876,2344613.5,1929.5,0,0,0,0,0,0,0,0,0,0,0,0
1/31/2023,Barrick Gold Cor,19.38,19.595,19.245,19.55,19.48,0.6694129763130741,0.1846038228980443,18730133.06,1929.5,1,0,0,0,0,0,0,0,0,0,0,0
1/31/2023,Wheaton Precious Metals Corp.,44.83,45.82,44.7,45.74,45.14,0.043744532,0.3900457848583561,2130658.938,1929.5,0,0,0,0,0,0,0,0,0,0,0,0
1/31/2023,Franco-Nevada Corporation,145,146.76,144.03,146.7,145,-1.038855909,1.7893334752678618,538956.5625,1929.5,0,0,0,0,0,0,0,0,0,0,0,0
1/31/2023,Gold Fields Limited,11.42,11.48,11.29,11.44,11.62,-6.075533662,0.2852066919671777,4511088.688,1929.5,0,0,0,0,0,0,0,0,0,0,0,0
1/31/2023,AngloGold Ashant,21.01,21.06,20.53,21.02,21.12,-4.411095953,0.5929692234846632,3058627.938,1929.5,0,0,0,0,0,0,0,0,0,0,0,0
1/31/2023,Kinross Gold Corporation,4.6,4.65,4.5607,4.64,4.63,-3.734439834,0.076146006,12627358.25,1929.5,0,0,0,0,0,0,0,0,0,0,0,0
1/31/2023,Alamos Gold Inc.,153.69,156.68,152.11,11.04,11.02,-2.90237467,0.16993696310270368,3918704.438,1929.5,0,0,0,0,0,0,0,0,0,0,0,0
1/31/2023,Harmony Gold Mining Company Limited,3.51,3.535,3.4712,3.51,3.52,-6.64893617,0.1137666785260808,3190265.125,1929.5,0,0,0,0,0,0,0,0,0,1,0,0
1/31/2023,Pan American Silver Corp.,18.03,18.03,18.395,18.23,18.13,-4.10310363,0.3111614188350179,3598951.313,1929.5,0,0,0,0,0,0,0,0,0,0,0,0
1/31/2023,Endeavour Mining plc,3.41,3.41,3.52,3.47,3.44,-4.407713499,0.11927609028755749,1942596.75,1929.5,0,0,0,0,0,0,0,0,0,0,0,0
1/31/2023,Osisko Gold Royalties Ltd,13.3,13.45,13.16,13.38,13.37,-2.761627907,0.1810879817736443,813042,1929.5,0,0,0,0,0,0,0,0,0,0,0,0
1/31/2023,Eldorado Gold Corporation,9.27,9.6,9.26,9.56,9.45,1.486199575371556,0.12747548783984788,1584778.438,1929.5,0,0,0,0,0,0,0,0,0,0,0,0
1/31/2023,IAMGOLD Corporation,2.8,2.875,2.79,2.81,2.83,-0.354609929,0.059039938,6212068.563,1929.5,0,0,0,0,0,0,0,0,0,0,0,0
1/31/2023,"Coeur Mining, Inc.",3.88,3.955,3.85,3.89,3.9,-5.12195122,0.11109037504919773,4277824.75,1929.5,0,0,0,0,0,0,0,0,0,0,0,0
1/31/2023,Equinox Gold Corp.,4.45,4.62,4.45,4.55,4.53,-2.777777778,0.13274572901388737,1998693,1929.5,0,0,0,0,0,0,0,0,0,0,0,0
1/31/2023,Orla Mining Ltd.,4.1,4.33,4,4.31,4.15,7.75,0.073824115,170596.625,1929.5,0,0,0,0,0,0,0,0,0,0,0,0
1/31/2023,Sandstorm Gold Ltd.,5.74,5.8282,5.7,5.79,5.77,-3.980099502,0.13363062095621056,2076962.563,1929.5,0,0,0,0,0,0,0,0,0,0,0,0
1/31/2023,Centerra Gold Inc.,6.22,6.45,6.22,6.43,6.32,3.877221324717275,0.18934096228761316,159443.4375,1929.5,0,0,0,0,0,0,0,0,0,0,0,0
1/31/2023,Seabridge Gold Inc.,13.05,13.24,12.9719,13.16,13.15,-5.187319885,0.27307442732182513,339247.375,1929.5,0,0,0,0,0,0,0,0,0,0,0,0
1/31/2023,DRDGOLD Limited,7.88,8.22,7.88,8.06,7.9,-6.279069767,0.2584569596663995,215789.5,1929.5,0,0,0,0,0,0,0,0,0,0,0,0
1/31/2023,Caledonia Mining Corporation Plc,13.47,13.77,13.2,13.76,13.41,-12.5794155,1.0843291210961483,85813.875,1929.5,0,0,0,0,0,0,0,0,0,0,0,0
1/31/2023,"Idaho Strategic Resources, Inc.",5.6,5.72,5.55,5.7,5.52,1.7857142857142954,0.037008686,6204.75,1929.5,1,0,0,0,0,0,0,1,0,0,0,0
1/31/2023,"Contango Ore, Inc.",24.5,24.5,24.5,24.5,24.5,-8.78629933,1.1053861639393574,1135.6875,1929.5,0,0,0,0,0,0,0,0,0,0,0,0
